{
  "method": "forced_canonical",
  "final_acc": 0.47037500000000004,
  "final_balanced_acc": 0.4695280890254968,
  "distortion_proxy": 0.37393945404429985,
  "class_gap_proxy": 0.29782376271880767,
  "bytes_per_client_round": 1044,
  "elapsed_sec": 1.2951686382293701
}
