{
  "method": "qproto_masked_hop",
  "final_acc": 0.64985,
  "final_balanced_acc": 0.6483450522986972,
  "distortion_proxy": 0.0,
  "class_gap_proxy": 7.079493771588132,
  "bytes_per_client_round": 24364,
  "elapsed_sec": 163.4854221343994
}
