{
  "method": "qproto_masked_hop",
  "final_acc": 0.68685,
  "final_balanced_acc": 0.6842364600555442,
  "distortion_proxy": 0.0,
  "class_gap_proxy": 4.08809996962852,
  "bytes_per_client_round": 24364,
  "elapsed_sec": 14.864486932754517
}
