{
  "method": "fedprox_forced",
  "final_acc": 0.49083333333333334,
  "final_balanced_acc": 0.493870449083737,
  "distortion_proxy": 0.0,
  "class_gap_proxy": 0.0,
  "bytes_per_client_round": 1040,
  "elapsed_sec": 2.4042649269104004
}
