{
  "method": "fedadam_forced",
  "final_acc": 0.8260416666666665,
  "final_balanced_acc": 0.8297041905447194,
  "distortion_proxy": 0.0,
  "class_gap_proxy": 0.0,
  "bytes_per_client_round": 1552,
  "elapsed_sec": 0.9895148277282715
}
