{
  "method": "wrong_schema",
  "final_acc": 0.26095,
  "final_balanced_acc": 0.2608611140777243,
  "distortion_proxy": 0.38346643810226805,
  "class_gap_proxy": 0.2605284562619247,
  "bytes_per_client_round": 4628,
  "elapsed_sec": 11.704569339752197
}
