{
  "method": "classical_kernel",
  "final_acc": 0.41083333333333333,
  "final_balanced_acc": 0.41024471018937847,
  "distortion_proxy": 0.0,
  "class_gap_proxy": 0.0849634001576431,
  "bytes_per_client_round": 3092,
  "elapsed_sec": 1.6309986114501953
}
