{
  "method": "qproto_cproto",
  "final_acc": 0.6444000000000001,
  "final_balanced_acc": 0.6429392644008259,
  "distortion_proxy": 0.0,
  "class_gap_proxy": 4.481232144481843,
  "bytes_per_client_round": 7724,
  "elapsed_sec": 11.156658172607422
}
