{
  "method": "fedadam_forced",
  "final_acc": 0.25017500000000004,
  "final_balanced_acc": 0.253655575765847,
  "distortion_proxy": 0.0,
  "class_gap_proxy": 0.0,
  "bytes_per_client_round": 7720,
  "elapsed_sec": 16.80844497680664
}
