{
  "method": "qproto_full",
  "final_acc": 0.41033333333333327,
  "final_balanced_acc": 0.4128246498938178,
  "distortion_proxy": 0.0,
  "class_gap_proxy": 0.40195811765924727,
  "bytes_per_client_round": 1432,
  "elapsed_sec": 1.5833406448364258
}
