{
  "method": "fedadam_schema",
  "final_acc": 0.306375,
  "final_balanced_acc": 0.30637500000000006,
  "distortion_proxy": 0.0,
  "class_gap_proxy": 0.0,
  "bytes_per_client_round": 1552,
  "elapsed_sec": 0.4506039619445801
}
