{
  "method": "qproto_hop",
  "final_acc": 0.5410833333333334,
  "final_balanced_acc": 0.5397408136608708,
  "distortion_proxy": 0.0,
  "class_gap_proxy": 0.4391637281952894,
  "bytes_per_client_round": 1428,
  "elapsed_sec": 3.141165256500244
}
