{
  "method": "no_schema",
  "final_acc": 0.27690000000000003,
  "final_balanced_acc": 0.2744505979099414,
  "distortion_proxy": 0.0,
  "class_gap_proxy": 0.14341149075967813,
  "bytes_per_client_round": 1944,
  "elapsed_sec": 1.5526707172393799
}
