{
  "method": "fedprox_forced",
  "final_acc": 0.3205555555555555,
  "final_balanced_acc": 0.254050925925926,
  "distortion_proxy": 0.0,
  "class_gap_proxy": 0.0,
  "bytes_per_client_round": 1040,
  "elapsed_sec": 0.11623835563659668
}
