{
  "method": "qproto_proto",
  "final_acc": 0.46614999999999995,
  "final_balanced_acc": 0.4663237636879464,
  "distortion_proxy": 0.0,
  "class_gap_proxy": 0.24347400982713566,
  "bytes_per_client_round": 4116,
  "elapsed_sec": 13.009238481521606
}
