{
  "method": "fedavg_forced",
  "final_acc": 0.3946666666666666,
  "final_balanced_acc": 0.39028737074194103,
  "distortion_proxy": 0.0,
  "class_gap_proxy": 0.0,
  "bytes_per_client_round": 1040,
  "elapsed_sec": 2.39569091796875
}
