{
  "method": "qproto_cproto",
  "final_acc": 0.4543333333333333,
  "final_balanced_acc": 0.4538899686292349,
  "distortion_proxy": 0.0,
  "class_gap_proxy": 2.3270309686068376,
  "bytes_per_client_round": 7724,
  "elapsed_sec": 18.894566535949707
}
