{
  "method": "qproto_proto",
  "final_acc": 0.5581750000000001,
  "final_balanced_acc": 0.5609520565830703,
  "distortion_proxy": 0.0,
  "class_gap_proxy": 0.4554948071822558,
  "bytes_per_client_round": 7724,
  "elapsed_sec": 8.4285147190094
}
