{
  "summaries": [
    {
      "method": "qproto_proto",
      "final_acc": 0.3893125,
      "final_balanced_acc": 0.38500050951244336,
      "distortion_proxy": 0.0,
      "class_gap_proxy": 0.23572100536309515,
      "bytes_per_client_round": 212,
      "elapsed_sec": 2.2557716369628906
    },
    {
      "method": "qproto_hop",
      "final_acc": 0.6196875,
      "final_balanced_acc": 0.6192709989473977,
      "distortion_proxy": 0.0,
      "class_gap_proxy": 0.23572100536309515,
      "bytes_per_client_round": 340,
      "elapsed_sec": 2.090715169906616
    },
    {
      "method": "qproto_full",
      "final_acc": 0.6223125,
      "final_balanced_acc": 0.6218506535235884,
      "distortion_proxy": 0.0,
      "class_gap_proxy": 0.24066185259842823,
      "bytes_per_client_round": 344,
      "elapsed_sec": 2.0234506130218506
    }
  ]
}
