{
  "method": "fedadam_schema",
  "final_acc": 0.40874999999999995,
  "final_balanced_acc": 0.4384985902255639,
  "distortion_proxy": 0.0,
  "class_gap_proxy": 0.0,
  "bytes_per_client_round": 528,
  "elapsed_sec": 0.029904842376708984
}
