{
  "method": "wrong_schema",
  "final_acc": 0.26405000000000006,
  "final_balanced_acc": 0.265288019863577,
  "distortion_proxy": 0.4266924929280455,
  "class_gap_proxy": 0.3113117657070464,
  "bytes_per_client_round": 4628,
  "elapsed_sec": 13.83675479888916
}
