{
  "method": "qproto_full",
  "final_acc": 0.46679166666666677,
  "final_balanced_acc": 0.4636189525886455,
  "distortion_proxy": 0.0,
  "class_gap_proxy": 0.4372016560964558,
  "bytes_per_client_round": 1432,
  "elapsed_sec": 3.5681049823760986
}
