{
  "method": "wrong_schema",
  "final_acc": 0.26370000000000005,
  "final_balanced_acc": 0.26496709787881334,
  "distortion_proxy": 0.4266924929280455,
  "class_gap_proxy": 0.3079471520032807,
  "bytes_per_client_round": 4628,
  "elapsed_sec": 17.55356240272522
}
