{
  "method": "qproto_chop",
  "final_acc": 0.64003,
  "final_balanced_acc": 0.6387449259035061,
  "distortion_proxy": 0.0,
  "class_gap_proxy": 4.428986893612298,
  "bytes_per_client_round": 11564,
  "elapsed_sec": 21.83499789237976
}
