{
  "method": "qproto_proto",
  "final_acc": 0.4239583333333333,
  "final_balanced_acc": 0.41208432434813247,
  "distortion_proxy": 0.0,
  "class_gap_proxy": 0.4451721288576371,
  "bytes_per_client_round": 532,
  "elapsed_sec": 0.040610313415527344
}
