{
  "method": "qproto_proto",
  "final_acc": 0.7211000000000001,
  "final_balanced_acc": 0.7196134998953386,
  "distortion_proxy": 0.0,
  "class_gap_proxy": 0.42881155509925767,
  "bytes_per_client_round": 5164,
  "elapsed_sec": 2.0975887775421143
}
