{
  "method": "qproto_masked_hop",
  "final_acc": 0.5075,
  "final_balanced_acc": 0.5075,
  "distortion_proxy": 0.0,
  "class_gap_proxy": 1.1364342993642376,
  "bytes_per_client_round": 3476,
  "elapsed_sec": 0.5011365413665771
}
