{
  "method": "no_schema",
  "final_acc": 0.14229000000000003,
  "final_balanced_acc": 0.1430554255452465,
  "distortion_proxy": 0.09731102986355916,
  "class_gap_proxy": 0.0717000231771714,
  "bytes_per_client_round": 7724,
  "elapsed_sec": 22.602677583694458
}
