{
  "method": "wrong_schema",
  "final_acc": 0.3980833333333333,
  "final_balanced_acc": 0.39799193492031865,
  "distortion_proxy": 0.15024966580011717,
  "class_gap_proxy": 0.19124881504077754,
  "bytes_per_client_round": 1428,
  "elapsed_sec": 3.1813127994537354
}
