{
  "method": "qproto_hop",
  "final_acc": 0.7625000000000001,
  "final_balanced_acc": 0.7631846678065165,
  "distortion_proxy": 0.0,
  "class_gap_proxy": 0.6205328311031979,
  "bytes_per_client_round": 1556,
  "elapsed_sec": 0.6201057434082031
}
