{
  "method": "shared_observable",
  "final_acc": 0.6876249999999999,
  "final_balanced_acc": 0.6840210987166733,
  "distortion_proxy": 0.8574509243753909,
  "class_gap_proxy": 0.30366648928012174,
  "bytes_per_client_round": 7724,
  "elapsed_sec": 8.21359920501709
}
