{
  "method": "shared_observable",
  "final_acc": 0.688375,
  "final_balanced_acc": 0.6860405135896619,
  "distortion_proxy": 0.0,
  "class_gap_proxy": 0.4890970881532666,
  "bytes_per_client_round": 7724,
  "elapsed_sec": 13.916862726211548
}
