{
  "method": "qproto_full",
  "final_acc": 0.6811666666666667,
  "final_balanced_acc": 0.6791531041119823,
  "distortion_proxy": 0.0,
  "class_gap_proxy": 0.3666702820513361,
  "bytes_per_client_round": 4632,
  "elapsed_sec": 21.39128279685974
}
