{
  "method": "qproto_cproto",
  "final_acc": 0.37712500000000004,
  "final_balanced_acc": 0.377125,
  "distortion_proxy": 0.0,
  "class_gap_proxy": 0.7694159533395325,
  "bytes_per_client_round": 788,
  "elapsed_sec": 0.3863523006439209
}
