{
  "summaries": [
    {
      "method": "qproto_proto",
      "final_acc": 0.5865,
      "final_balanced_acc": 0.5871923699811668,
      "distortion_proxy": 0.0,
      "class_gap_proxy": 0.2664434908906785,
      "bytes_per_client_round": 788,
      "elapsed_sec": 1.472597599029541
    }
  ]
}
