{
  "method": "qproto_hop",
  "final_acc": 0.5287916666666667,
  "final_balanced_acc": 0.5313062202752994,
  "distortion_proxy": 0.0,
  "class_gap_proxy": 0.48577702213418056,
  "bytes_per_client_round": 1428,
  "elapsed_sec": 2.031999349594116
}
