{
  "method": "forced_canonical",
  "final_acc": 0.45200000000000007,
  "final_balanced_acc": 0.45140990642929857,
  "distortion_proxy": 0.08783074394502997,
  "class_gap_proxy": 0.17722110805821864,
  "bytes_per_client_round": 3092,
  "elapsed_sec": 21.58872151374817
}
