{
  "method": "fedproto_schema",
  "final_acc": 0.4325,
  "final_balanced_acc": 0.4447633643768512,
  "distortion_proxy": 0.0,
  "class_gap_proxy": 0.36008333670150067,
  "bytes_per_client_round": 532,
  "elapsed_sec": 0.020762205123901367
}
