{
  "method": "no_schema",
  "final_acc": 0.4258333333333334,
  "final_balanced_acc": 0.42523761803902865,
  "distortion_proxy": 0.39533724196474285,
  "class_gap_proxy": 0.4181357817477427,
  "bytes_per_client_round": 1044,
  "elapsed_sec": 2.345099925994873
}
