{
  "method": "fedproto_schema",
  "final_acc": 0.37375,
  "final_balanced_acc": 0.38857691102756886,
  "distortion_proxy": 0.0,
  "class_gap_proxy": 0.37152629440158996,
  "bytes_per_client_round": 532,
  "elapsed_sec": 0.018444538116455078
}
