{
  "method": "no_schema",
  "final_acc": 0.3873333333333333,
  "final_balanced_acc": 0.38789292796409025,
  "distortion_proxy": 0.27609316319258037,
  "class_gap_proxy": 0.2803657619819661,
  "bytes_per_client_round": 1044,
  "elapsed_sec": 2.0692503452301025
}
