{
  "summaries": [
    {
      "method": "qproto_full",
      "final_acc": 0.6677500000000001,
      "final_balanced_acc": 0.6698253258505573,
      "distortion_proxy": 0.0,
      "class_gap_proxy": 0.5200334719128183,
      "bytes_per_client_round": 1048,
      "elapsed_sec": 0.2691836357116699
    },
    {
      "method": "no_schema",
      "final_acc": 0.40449999999999997,
      "final_balanced_acc": 0.4069059025718239,
      "distortion_proxy": 0.20818885206680662,
      "class_gap_proxy": 0.3133942369042868,
      "bytes_per_client_round": 788,
      "elapsed_sec": 0.20961833000183105
    },
    {
      "method": "wrong_schema",
      "final_acc": 0.29474999999999996,
      "final_balanced_acc": 0.2954377119739624,
      "distortion_proxy": 0.15875415927725509,
      "class_gap_proxy": 0.49329195443763946,
      "bytes_per_client_round": 1044,
      "elapsed_sec": 0.2445816993713379
    }
  ]
}
