{
  "method": "qproto_chop",
  "final_acc": 0.4459833333333333,
  "final_balanced_acc": 0.4454674234803223,
  "distortion_proxy": 0.0,
  "class_gap_proxy": 2.493468938946177,
  "bytes_per_client_round": 11564,
  "elapsed_sec": 16.014450550079346
}
