{
  "summaries": [
    {
      "method": "scaffold_schema",
      "final_acc": 0.4083333333333333,
      "final_balanced_acc": 0.43138536431363594,
      "distortion_proxy": 0.0,
      "class_gap_proxy": 0.0,
      "bytes_per_client_round": 1056,
      "elapsed_sec": 0.0725412368774414
    },
    {
      "method": "feddyn_schema",
      "final_acc": 0.3755208333333333,
      "final_balanced_acc": 0.40571521577380953,
      "distortion_proxy": 0.0,
      "class_gap_proxy": 0.0,
      "bytes_per_client_round": 528,
      "elapsed_sec": 0.05078291893005371
    },
    {
      "method": "fedadam_schema",
      "final_acc": 0.5572916666666666,
      "final_balanced_acc": 0.5679413836430094,
      "distortion_proxy": 0.0,
      "class_gap_proxy": 0.0,
      "bytes_per_client_round": 528,
      "elapsed_sec": 0.05155062675476074
    },
    {
      "method": "qproto_chop",
      "final_acc": 0.9979166666666667,
      "final_balanced_acc": 0.9979492187500001,
      "distortion_proxy": 0.0,
      "class_gap_proxy": 2.8956148388420697,
      "bytes_per_client_round": 660,
      "elapsed_sec": 0.05019068717956543
    }
  ]
}
