{
  "summaries": [
    {
      "method": "qproto_cproto",
      "final_acc": 0.6114583333333333,
      "final_balanced_acc": 0.5680805144467935,
      "distortion_proxy": 0.0,
      "class_gap_proxy": 1.3713914574591228,
      "bytes_per_client_round": 404,
      "elapsed_sec": 0.030487537384033203
    },
    {
      "method": "qproto_chop",
      "final_acc": 0.6187499999999999,
      "final_balanced_acc": 0.5745386275546159,
      "distortion_proxy": 0.0,
      "class_gap_proxy": 1.3713914574591228,
      "bytes_per_client_round": 660,
      "elapsed_sec": 0.0371699333190918
    }
  ]
}
