{
  "method": "fedadam_schema",
  "final_acc": 0.5682750000000001,
  "final_balanced_acc": 0.5704622861368579,
  "distortion_proxy": 0.0,
  "class_gap_proxy": 0.0,
  "bytes_per_client_round": 7720,
  "elapsed_sec": 8.461889028549194
}
