{
  "method": "fedavg_forced",
  "final_acc": 0.3764166666666666,
  "final_balanced_acc": 0.38863091424984036,
  "distortion_proxy": 0.0,
  "class_gap_proxy": 0.0,
  "bytes_per_client_round": 3088,
  "elapsed_sec": 15.726614713668823
}
