{
  "method": "qproto_hop",
  "final_acc": 0.528125,
  "final_balanced_acc": 0.5163382335257336,
  "distortion_proxy": 0.0,
  "class_gap_proxy": 0.3375724114244649,
  "bytes_per_client_round": 788,
  "elapsed_sec": 0.054784536361694336
}
