{
  "method": "fedavg_forced",
  "final_acc": 0.3435833333333334,
  "final_balanced_acc": 0.3481042269934075,
  "distortion_proxy": 0.0,
  "class_gap_proxy": 0.0,
  "bytes_per_client_round": 3088,
  "elapsed_sec": 11.658537864685059
}
