{
  "method": "no_schema",
  "final_acc": 0.2958854166666667,
  "final_balanced_acc": 0.3000238607623377,
  "distortion_proxy": 0.3720473976859159,
  "class_gap_proxy": 0.15347302892634962,
  "bytes_per_client_round": 212,
  "elapsed_sec": 0.9599244594573975
}
