{
  "method": "no_schema",
  "final_acc": 0.25484999999999997,
  "final_balanced_acc": 0.25845914849574175,
  "distortion_proxy": 0.8759763058505877,
  "class_gap_proxy": 0.24306623162945273,
  "bytes_per_client_round": 7724,
  "elapsed_sec": 13.591926097869873
}
