{
  "method": "no_schema",
  "final_acc": 0.3375,
  "final_balanced_acc": 0.3366820377689943,
  "distortion_proxy": 0.24113762284405987,
  "class_gap_proxy": 0.33715632342158447,
  "bytes_per_client_round": 532,
  "elapsed_sec": 0.018616676330566406
}
