{
  "method": "fedadam_schema",
  "final_acc": 0.39625,
  "final_balanced_acc": 0.37426197705802966,
  "distortion_proxy": 0.0,
  "class_gap_proxy": 0.0,
  "bytes_per_client_round": 528,
  "elapsed_sec": 0.027655839920043945
}
