{
  "method": "fedprox_forced",
  "final_acc": 0.19167499999999998,
  "final_balanced_acc": 0.20487926233647022,
  "distortion_proxy": 0.0,
  "class_gap_proxy": 0.0,
  "bytes_per_client_round": 7720,
  "elapsed_sec": 8.528816938400269
}
