{
  "method": "no_schema",
  "final_acc": 0.43333333333333335,
  "final_balanced_acc": 0.39157637420718816,
  "distortion_proxy": 0.2433846247232917,
  "class_gap_proxy": 0.3008259778516511,
  "bytes_per_client_round": 532,
  "elapsed_sec": 0.041048288345336914
}
