{
  "method": "no_schema",
  "final_acc": 0.32396875,
  "final_balanced_acc": 0.32340510951288803,
  "distortion_proxy": 0.0866253500941922,
  "class_gap_proxy": 0.09777220713051504,
  "bytes_per_client_round": 4116,
  "elapsed_sec": 32.96573209762573
}
