{
  "summaries": [
    {
      "method": "qproto_cproto",
      "final_acc": 0.40275,
      "final_balanced_acc": 0.40275000000000005,
      "distortion_proxy": 0.0,
      "class_gap_proxy": 0.7034777841876844,
      "bytes_per_client_round": 788,
      "elapsed_sec": 0.48718881607055664
    },
    {
      "method": "qproto_chop",
      "final_acc": 0.6214999999999999,
      "final_balanced_acc": 0.6214999999999999,
      "distortion_proxy": 0.0,
      "class_gap_proxy": 0.7034777841876844,
      "bytes_per_client_round": 2324,
      "elapsed_sec": 0.7600221633911133
    }
  ]
}
