{
  "method": "wrong_schema",
  "final_acc": 0.37749999999999995,
  "final_balanced_acc": 0.36440515350877195,
  "distortion_proxy": 0.2863323816953349,
  "class_gap_proxy": 0.36694263025450335,
  "bytes_per_client_round": 788,
  "elapsed_sec": 0.02623605728149414
}
