{
  "method": "no_schema",
  "final_acc": 0.32565,
  "final_balanced_acc": 0.32454220739422845,
  "distortion_proxy": 0.0949891744137946,
  "class_gap_proxy": 0.1030547366166069,
  "bytes_per_client_round": 3092,
  "elapsed_sec": 8.050243377685547
}
