{
  "method": "qproto_masked",
  "final_acc": 0.57875,
  "final_balanced_acc": 0.5605103923853925,
  "distortion_proxy": 0.0,
  "class_gap_proxy": 1.796054974507614,
  "bytes_per_client_round": 404,
  "elapsed_sec": 0.020369529724121094
}
