{
  "method": "qproto_cproto",
  "final_acc": 0.58625,
  "final_balanced_acc": 0.5933785101959443,
  "distortion_proxy": 0.0,
  "class_gap_proxy": 1.6391802084047356,
  "bytes_per_client_round": 276,
  "elapsed_sec": 0.020474910736083984
}
