{
  "method": "fedavg_schema",
  "final_acc": 0.21139999999999998,
  "final_balanced_acc": 0.1986517225409859,
  "distortion_proxy": 0.0,
  "class_gap_proxy": 0.0,
  "bytes_per_client_round": 7720,
  "elapsed_sec": 6.940356492996216
}
