{
  "method": "fedavg_forced",
  "final_acc": 0.4138333333333334,
  "final_balanced_acc": 0.4172692710434475,
  "distortion_proxy": 0.0,
  "class_gap_proxy": 0.0,
  "bytes_per_client_round": 1040,
  "elapsed_sec": 2.4575746059417725
}
