{
  "method": "qproto_proto",
  "final_acc": 0.5261666666666668,
  "final_balanced_acc": 0.5309393916152096,
  "distortion_proxy": 0.0,
  "class_gap_proxy": 0.5010386699588004,
  "bytes_per_client_round": 1044,
  "elapsed_sec": 2.2623848915100098
}
