{
  "method": "fedprox_schema",
  "final_acc": 0.40169999999999995,
  "final_balanced_acc": 0.3955859685599254,
  "distortion_proxy": 0.0,
  "class_gap_proxy": 0.0,
  "bytes_per_client_round": 7720,
  "elapsed_sec": 12.704991579055786
}
