{
  "method": "qproto_full",
  "final_acc": 0.5445416666666667,
  "final_balanced_acc": 0.5473161365334869,
  "distortion_proxy": 0.0,
  "class_gap_proxy": 0.4669472999879077,
  "bytes_per_client_round": 1432,
  "elapsed_sec": 3.6696417331695557
}
