{
  "method": "qproto_cproto",
  "final_acc": 0.7409000000000001,
  "final_balanced_acc": 0.7374468436937546,
  "distortion_proxy": 0.0,
  "class_gap_proxy": 2.6757845060232333,
  "bytes_per_client_round": 7724,
  "elapsed_sec": 9.1418936252594
}
