{
  "method": "classical_kernel",
  "final_acc": 0.41583333333333333,
  "final_balanced_acc": 0.41474998812571917,
  "distortion_proxy": 0.0,
  "class_gap_proxy": 0.08576057904518876,
  "bytes_per_client_round": 3092,
  "elapsed_sec": 2.899594306945801
}
