{
  "method": "fedproto_schema",
  "final_acc": 0.277625,
  "final_balanced_acc": 0.277625,
  "distortion_proxy": 0.0,
  "class_gap_proxy": 0.26830449259831174,
  "bytes_per_client_round": 1556,
  "elapsed_sec": 0.44472789764404297
}
