{
  "method": "fedavg_schema",
  "final_acc": 0.268765,
  "final_balanced_acc": 0.2524238141746684,
  "distortion_proxy": 0.0,
  "class_gap_proxy": 0.0,
  "bytes_per_client_round": 7720,
  "elapsed_sec": 22.485215663909912
}
