{
  "method": "wrong_schema",
  "final_acc": 0.2635416666666667,
  "final_balanced_acc": 0.2700334578503993,
  "distortion_proxy": 0.26885652552396344,
  "class_gap_proxy": 0.21812621028440146,
  "bytes_per_client_round": 2260,
  "elapsed_sec": 0.6336855888366699
}
