{
  "method": "fedadam_forced",
  "final_acc": 0.42562500000000003,
  "final_balanced_acc": 0.422136152306968,
  "distortion_proxy": 0.0,
  "class_gap_proxy": 0.0,
  "bytes_per_client_round": 528,
  "elapsed_sec": 0.034226417541503906
}
