{
  "method": "fedadam_schema",
  "final_acc": 0.628355,
  "final_balanced_acc": 0.6289685894941828,
  "distortion_proxy": 0.0,
  "class_gap_proxy": 0.0,
  "bytes_per_client_round": 7720,
  "elapsed_sec": 107.78810954093933
}
