{
  "method": "fedavg_forced",
  "final_acc": 0.7521875000000001,
  "final_balanced_acc": 0.7605976725476881,
  "distortion_proxy": 0.0,
  "class_gap_proxy": 0.0,
  "bytes_per_client_round": 1552,
  "elapsed_sec": 0.8927929401397705
}
