{
  "method": "no_schema",
  "final_acc": 0.5079999999999999,
  "final_balanced_acc": 0.5053044541056942,
  "distortion_proxy": 0.27609316319258037,
  "class_gap_proxy": 0.20317582768328288,
  "bytes_per_client_round": 1044,
  "elapsed_sec": 2.168063163757324
}
