{
  "method": "no_schema",
  "final_acc": 0.19059,
  "final_balanced_acc": 0.1910548748444411,
  "distortion_proxy": 0.10503176923973306,
  "class_gap_proxy": 0.1483355087109762,
  "bytes_per_client_round": 7724,
  "elapsed_sec": 28.47862148284912
}
