{
  "method": "fedavg_schema",
  "final_acc": 0.137525,
  "final_balanced_acc": 0.11641617692959201,
  "distortion_proxy": 0.0,
  "class_gap_proxy": 0.0,
  "bytes_per_client_round": 7720,
  "elapsed_sec": 8.075704336166382
}
