{
  "method": "no_schema",
  "final_acc": 0.34280000000000005,
  "final_balanced_acc": 0.34155403903257947,
  "distortion_proxy": 0.08598983580888732,
  "class_gap_proxy": 0.09121440161774558,
  "bytes_per_client_round": 3092,
  "elapsed_sec": 4.03367805480957
}
