{
  "method": "qproto_full",
  "final_acc": 0.7037083333333334,
  "final_balanced_acc": 0.7046821358981451,
  "distortion_proxy": 0.0,
  "class_gap_proxy": 0.411555611600313,
  "bytes_per_client_round": 4632,
  "elapsed_sec": 20.49506163597107
}
