{
  "method": "wrong_schema",
  "final_acc": 0.31535,
  "final_balanced_acc": 0.3156680465146947,
  "distortion_proxy": 0.14522673276752066,
  "class_gap_proxy": 0.38032306433450525,
  "bytes_per_client_round": 1428,
  "elapsed_sec": 2.1917879581451416
}
