{
  "method": "fedavg_forced",
  "final_acc": 0.305125,
  "final_balanced_acc": 0.3053773236086729,
  "distortion_proxy": 0.0,
  "class_gap_proxy": 0.0,
  "bytes_per_client_round": 3088,
  "elapsed_sec": 12.909435510635376
}
