{
  "method": "fedavg_schema",
  "final_acc": 0.29938,
  "final_balanced_acc": 0.27960610101278777,
  "distortion_proxy": 0.0,
  "class_gap_proxy": 0.0,
  "bytes_per_client_round": 7720,
  "elapsed_sec": 11.918205261230469
}
