{
  "method": "fedavg_schema",
  "final_acc": 0.4972999999999999,
  "final_balanced_acc": 0.49499460404003476,
  "distortion_proxy": 0.0,
  "class_gap_proxy": 0.0,
  "bytes_per_client_round": 7720,
  "elapsed_sec": 13.33080530166626
}
