{
  "method": "fedproto_schema",
  "final_acc": 0.3985,
  "final_balanced_acc": 0.3961621573486923,
  "distortion_proxy": 0.0,
  "class_gap_proxy": 0.34099353034884106,
  "bytes_per_client_round": 7724,
  "elapsed_sec": 14.81485891342163
}
