{
  "method": "fedproto_schema",
  "final_acc": 0.1692,
  "final_balanced_acc": 0.1695689191911988,
  "distortion_proxy": 0.0,
  "class_gap_proxy": 0.32653084903455953,
  "bytes_per_client_round": 7724,
  "elapsed_sec": 10.362871646881104
}
