{
  "method": "qproto_chop",
  "final_acc": 0.5895833333333333,
  "final_balanced_acc": 0.5444613284002819,
  "distortion_proxy": 0.0,
  "class_gap_proxy": 1.075913532142313,
  "bytes_per_client_round": 532,
  "elapsed_sec": 0.056546926498413086
}
