{
  "method": "qproto_chop",
  "final_acc": 0.5687500000000001,
  "final_balanced_acc": 0.5693027911098564,
  "distortion_proxy": 0.0,
  "class_gap_proxy": 1.3152440357269342,
  "bytes_per_client_round": 532,
  "elapsed_sec": 0.022649288177490234
}
