{
  "method": "qproto_cproto",
  "final_acc": 0.74385,
  "final_balanced_acc": 0.7406173604083955,
  "distortion_proxy": 0.0,
  "class_gap_proxy": 2.7202310166867933,
  "bytes_per_client_round": 7724,
  "elapsed_sec": 6.524356126785278
}
