{
  "method": "centralized_kernel",
  "final_acc": 0.9983333333333333,
  "final_balanced_acc": 0.9983221476510067,
  "distortion_proxy": 0.0,
  "class_gap_proxy": 0.710244066246568,
  "bytes_per_client_round": 0,
  "elapsed_sec": 0.01667928695678711
}
