{
  "method": "qproto_full",
  "final_acc": 0.41083333333333333,
  "final_balanced_acc": 0.41349540612220154,
  "distortion_proxy": 0.0,
  "class_gap_proxy": 0.4008625881277978,
  "bytes_per_client_round": 1432,
  "elapsed_sec": 3.2696750164031982
}
