{
  "method": "fedavg_forced",
  "final_acc": 0.29429166666666673,
  "final_balanced_acc": 0.29448256310731324,
  "distortion_proxy": 0.0,
  "class_gap_proxy": 0.0,
  "bytes_per_client_round": 3088,
  "elapsed_sec": 19.880115270614624
}
