{
  "method": "qproto_cproto",
  "final_acc": 0.45039999999999997,
  "final_balanced_acc": 0.45015492922393285,
  "distortion_proxy": 0.0,
  "class_gap_proxy": 2.2136904681963205,
  "bytes_per_client_round": 7724,
  "elapsed_sec": 13.292889833450317
}
