{
  "method": "shared_observable",
  "final_acc": 0.562275,
  "final_balanced_acc": 0.5561170115861168,
  "distortion_proxy": 1.2613028480308612,
  "class_gap_proxy": 0.17661222027435997,
  "bytes_per_client_round": 7724,
  "elapsed_sec": 14.111223459243774
}
