{
  "method": "fedprox_forced",
  "final_acc": 0.27470833333333333,
  "final_balanced_acc": 0.2898057068520387,
  "distortion_proxy": 0.0,
  "class_gap_proxy": 0.0,
  "bytes_per_client_round": 1040,
  "elapsed_sec": 2.4540486335754395
}
