{
  "method": "qproto_proto",
  "final_acc": 0.5029166666666668,
  "final_balanced_acc": 0.5046914632784165,
  "distortion_proxy": 0.0,
  "class_gap_proxy": 0.2379227457602342,
  "bytes_per_client_round": 3092,
  "elapsed_sec": 24.416027307510376
}
