{
  "method": "fedavg_forced",
  "final_acc": 0.35216666666666663,
  "final_balanced_acc": 0.36871017071231893,
  "distortion_proxy": 0.0,
  "class_gap_proxy": 0.0,
  "bytes_per_client_round": 1040,
  "elapsed_sec": 2.243797540664673
}
