{
  "method": "forced_canonical",
  "final_acc": 0.4055833333333333,
  "final_balanced_acc": 0.4084539840903635,
  "distortion_proxy": 0.3742210338186752,
  "class_gap_proxy": 0.24351459253274413,
  "bytes_per_client_round": 1044,
  "elapsed_sec": 1.4133012294769287
}
