{
  "method": "qproto_chop",
  "final_acc": 0.550875,
  "final_balanced_acc": 0.550875,
  "distortion_proxy": 0.0,
  "class_gap_proxy": 0.7694159533395325,
  "bytes_per_client_round": 2324,
  "elapsed_sec": 0.4957873821258545
}
