{
  "method": "fedavg_forced",
  "final_acc": 0.357125,
  "final_balanced_acc": 0.34852017004587765,
  "distortion_proxy": 0.0,
  "class_gap_proxy": 0.0,
  "bytes_per_client_round": 1040,
  "elapsed_sec": 1.6703712940216064
}
