{
  "method": "qproto_full",
  "final_acc": 0.6523333333333334,
  "final_balanced_acc": 0.6460539081543458,
  "distortion_proxy": 0.0,
  "class_gap_proxy": 0.4749227647864102,
  "bytes_per_client_round": 1432,
  "elapsed_sec": 1.7841041088104248
}
