{
  "method": "fedprox_forced",
  "final_acc": 0.11003333333333332,
  "final_balanced_acc": 0.11266340036065461,
  "distortion_proxy": 0.0,
  "class_gap_proxy": 0.0,
  "bytes_per_client_round": 7720,
  "elapsed_sec": 17.00525712966919
}
