{
  "method": "wrong_schema",
  "final_acc": 0.21054166666666668,
  "final_balanced_acc": 0.21312829461270297,
  "distortion_proxy": 0.1406881719711251,
  "class_gap_proxy": 0.4224619178927823,
  "bytes_per_client_round": 3864,
  "elapsed_sec": 6.428466081619263
}
