{
  "method": "qproto_cproto",
  "final_acc": 0.6781999999999999,
  "final_balanced_acc": 0.6717480116039554,
  "distortion_proxy": 0.0,
  "class_gap_proxy": 2.751411226017925,
  "bytes_per_client_round": 7724,
  "elapsed_sec": 12.281219720840454
}
