{
  "method": "qproto_chop",
  "final_acc": 0.7697,
  "final_balanced_acc": 0.764627761968436,
  "distortion_proxy": 0.0,
  "class_gap_proxy": 2.7913322544834953,
  "bytes_per_client_round": 11564,
  "elapsed_sec": 10.174270391464233
}
