{
  "method": "qproto_hop",
  "final_acc": 0.5287083333333333,
  "final_balanced_acc": 0.5312386429110537,
  "distortion_proxy": 0.0,
  "class_gap_proxy": 0.484934553201196,
  "bytes_per_client_round": 1428,
  "elapsed_sec": 1.7879245281219482
}
