{
  "method": "qproto_cproto",
  "final_acc": 0.680025,
  "final_balanced_acc": 0.6770308730150775,
  "distortion_proxy": 0.0,
  "class_gap_proxy": 4.55692214094846,
  "bytes_per_client_round": 7724,
  "elapsed_sec": 6.7627904415130615
}
