{
  "method": "wrong_schema",
  "final_acc": 0.2735416666666666,
  "final_balanced_acc": 0.2727145178724964,
  "distortion_proxy": 0.46569843185599374,
  "class_gap_proxy": 0.19132892049782513,
  "bytes_per_client_round": 2260,
  "elapsed_sec": 0.6720342636108398
}
