{
  "method": "fedprox_forced",
  "final_acc": 0.35604166666666665,
  "final_balanced_acc": 0.34738753346008444,
  "distortion_proxy": 0.0,
  "class_gap_proxy": 0.0,
  "bytes_per_client_round": 1040,
  "elapsed_sec": 1.5490031242370605
}
