{
  "method": "qproto_full",
  "final_acc": 0.704,
  "final_balanced_acc": 0.7041148382657334,
  "distortion_proxy": 0.0,
  "class_gap_proxy": 0.39104301880644327,
  "bytes_per_client_round": 1432,
  "elapsed_sec": 2.0708823204040527
}
