{
  "method": "qproto_chop",
  "final_acc": 0.58125,
  "final_balanced_acc": 0.5627664465164465,
  "distortion_proxy": 0.0,
  "class_gap_proxy": 1.3897001341485986,
  "bytes_per_client_round": 532,
  "elapsed_sec": 0.022352933883666992
}
