{
  "method": "fedavg_schema",
  "final_acc": 0.30289999999999995,
  "final_balanced_acc": 0.28823770674777077,
  "distortion_proxy": 0.0,
  "class_gap_proxy": 0.0,
  "bytes_per_client_round": 7720,
  "elapsed_sec": 27.943516969680786
}
