{
  "method": "centralized_kernel",
  "final_acc": 0.41333333333333333,
  "final_balanced_acc": 0.41425528150984686,
  "distortion_proxy": 0.0,
  "class_gap_proxy": 0.08254930318407139,
  "bytes_per_client_round": 0,
  "elapsed_sec": 0.12255263328552246
}
