{
  "method": "qproto_proto",
  "final_acc": 0.5906499999999999,
  "final_balanced_acc": 0.5933883082811188,
  "distortion_proxy": 0.0,
  "class_gap_proxy": 0.521039832201248,
  "bytes_per_client_round": 532,
  "elapsed_sec": 2.058340072631836
}
