{
  "method": "no_schema",
  "final_acc": 0.453375,
  "final_balanced_acc": 0.45061671587304836,
  "distortion_proxy": 0.09263128199779198,
  "class_gap_proxy": 0.15393571841194034,
  "bytes_per_client_round": 3092,
  "elapsed_sec": 14.0992271900177
}
