{
  "method": "feddyn_schema",
  "final_acc": 0.3755208333333333,
  "final_balanced_acc": 0.40571521577380953,
  "distortion_proxy": 0.0,
  "class_gap_proxy": 0.0,
  "bytes_per_client_round": 528,
  "elapsed_sec": 0.05078291893005371
}
