{
  "method": "fedadam_schema",
  "final_acc": 0.29883333333333334,
  "final_balanced_acc": 0.29964613535043444,
  "distortion_proxy": 0.0,
  "class_gap_proxy": 0.0,
  "bytes_per_client_round": 7720,
  "elapsed_sec": 17.402602910995483
}
