{
  "method": "fedproto_schema",
  "final_acc": 0.4275,
  "final_balanced_acc": 0.4213877909530083,
  "distortion_proxy": 0.0,
  "class_gap_proxy": 0.40457027881575525,
  "bytes_per_client_round": 532,
  "elapsed_sec": 0.021787405014038086
}
