{
  "method": "no_schema",
  "final_acc": 0.407125,
  "final_balanced_acc": 0.40976592064590706,
  "distortion_proxy": 0.3113698389797274,
  "class_gap_proxy": 0.2999961298069609,
  "bytes_per_client_round": 1044,
  "elapsed_sec": 1.2683498859405518
}
