{
  "method": "centralized_qproto",
  "final_acc": 0.7185833333333332,
  "final_balanced_acc": 0.7194213650705282,
  "distortion_proxy": 0.0,
  "class_gap_proxy": 0.40347929928931375,
  "bytes_per_client_round": 0,
  "elapsed_sec": 22.23098111152649
}
