{
  "method": "no_schema",
  "final_acc": 0.3506666666666667,
  "final_balanced_acc": 0.3497327432196706,
  "distortion_proxy": 0.08115426362622498,
  "class_gap_proxy": 0.09031851226764825,
  "bytes_per_client_round": 3092,
  "elapsed_sec": 10.980434894561768
}
