{
  "method": "qproto_proto",
  "final_acc": 0.6562083333333334,
  "final_balanced_acc": 0.6541346417642936,
  "distortion_proxy": 0.0,
  "class_gap_proxy": 0.3271323416184926,
  "bytes_per_client_round": 3092,
  "elapsed_sec": 18.88415765762329
}
