{
  "method": "qproto_full",
  "final_acc": 0.6321875,
  "final_balanced_acc": 0.6337586833658118,
  "distortion_proxy": 0.0,
  "class_gap_proxy": 0.2912124303936777,
  "bytes_per_client_round": 344,
  "elapsed_sec": 2.044137716293335
}
