{
  "method": "fedavg_forced",
  "final_acc": 0.408875,
  "final_balanced_acc": 0.41744435736659347,
  "distortion_proxy": 0.0,
  "class_gap_proxy": 0.0,
  "bytes_per_client_round": 1040,
  "elapsed_sec": 2.3333914279937744
}
