{
  "method": "fedavg_forced",
  "final_acc": 0.163775,
  "final_balanced_acc": 0.14320484254307786,
  "distortion_proxy": 0.0,
  "class_gap_proxy": 0.0,
  "bytes_per_client_round": 7720,
  "elapsed_sec": 15.641812562942505
}
