{
  "method": "qproto_chop",
  "final_acc": 0.7417250000000001,
  "final_balanced_acc": 0.7382043045507779,
  "distortion_proxy": 0.0,
  "class_gap_proxy": 2.6757845060232333,
  "bytes_per_client_round": 11564,
  "elapsed_sec": 17.882644414901733
}
