{
  "method": "forced_canonical",
  "final_acc": 0.4433750000000001,
  "final_balanced_acc": 0.4423523603425677,
  "distortion_proxy": 0.11831740943437623,
  "class_gap_proxy": 0.26955110550530753,
  "bytes_per_client_round": 1044,
  "elapsed_sec": 1.4645214080810547
}
