{
  "method": "qproto_chop",
  "final_acc": 0.5255,
  "final_balanced_acc": 0.5255000000000001,
  "distortion_proxy": 0.0,
  "class_gap_proxy": 0.6736391509183629,
  "bytes_per_client_round": 2324,
  "elapsed_sec": 0.559499979019165
}
