{
  "method": "qproto_chop",
  "final_acc": 0.7423,
  "final_balanced_acc": 0.7470007477865913,
  "distortion_proxy": 0.0,
  "class_gap_proxy": 0.477874794498648,
  "bytes_per_client_round": 3864,
  "elapsed_sec": 2.990447521209717
}
