{
  "method": "qproto_cproto",
  "final_acc": 0.51875,
  "final_balanced_acc": 0.5274940958164642,
  "distortion_proxy": 0.0,
  "class_gap_proxy": 0.9949145283876653,
  "bytes_per_client_round": 276,
  "elapsed_sec": 0.016269207000732422
}
