{
  "method": "no_schema",
  "final_acc": 0.24015,
  "final_balanced_acc": 0.23811506261963528,
  "distortion_proxy": 0.1082570878931599,
  "class_gap_proxy": 0.18772033324550466,
  "bytes_per_client_round": 7724,
  "elapsed_sec": 6.890788316726685
}
