{
  "method": "fedproto_forced",
  "final_acc": 0.16573333333333332,
  "final_balanced_acc": 0.16542586286724928,
  "distortion_proxy": 0.0,
  "class_gap_proxy": 0.10741247570465705,
  "bytes_per_client_round": 7724,
  "elapsed_sec": 12.437581300735474
}
