{
  "method": "no_schema",
  "final_acc": 0.25783333333333325,
  "final_balanced_acc": 0.2586600455101453,
  "distortion_proxy": 0.2812667853406799,
  "class_gap_proxy": 0.13120098271081942,
  "bytes_per_client_round": 2584,
  "elapsed_sec": 4.562373399734497
}
