{
  "method": "fedavg_forced",
  "final_acc": 0.196975,
  "final_balanced_acc": 0.20495246537411696,
  "distortion_proxy": 0.0,
  "class_gap_proxy": 0.0,
  "bytes_per_client_round": 7720,
  "elapsed_sec": 8.672452449798584
}
