{
  "method": "fedprox_forced",
  "final_acc": 0.39025,
  "final_balanced_acc": 0.38299791418493434,
  "distortion_proxy": 0.0,
  "class_gap_proxy": 0.0,
  "bytes_per_client_round": 1040,
  "elapsed_sec": 2.4404430389404297
}
