{
  "method": "no_schema",
  "final_acc": 0.44425,
  "final_balanced_acc": 0.4436035543872728,
  "distortion_proxy": 0.27609316319258037,
  "class_gap_proxy": 0.2726440444111373,
  "bytes_per_client_round": 1044,
  "elapsed_sec": 1.3612658977508545
}
