{
  "method": "fedproto_schema",
  "final_acc": 0.18895,
  "final_balanced_acc": 0.19122480903082856,
  "distortion_proxy": 0.0,
  "class_gap_proxy": 0.2860198836064193,
  "bytes_per_client_round": 7724,
  "elapsed_sec": 11.87097692489624
}
