{
  "method": "qproto_hop",
  "final_acc": 0.6030833333333333,
  "final_balanced_acc": 0.6007441345175494,
  "distortion_proxy": 0.0,
  "class_gap_proxy": 0.48546889618221134,
  "bytes_per_client_round": 1428,
  "elapsed_sec": 2.124986171722412
}
