{
  "method": "wrong_schema",
  "final_acc": 0.11215,
  "final_balanced_acc": 0.11508540901558803,
  "distortion_proxy": 0.08025256151741088,
  "class_gap_proxy": 0.31714818791355565,
  "bytes_per_client_round": 11564,
  "elapsed_sec": 13.48666763305664
}
