{
  "method": "fedavg_schema",
  "final_acc": 0.16524999999999998,
  "final_balanced_acc": 0.16016517440945616,
  "distortion_proxy": 0.0,
  "class_gap_proxy": 0.0,
  "bytes_per_client_round": 7720,
  "elapsed_sec": 11.668506145477295
}
