{
  "method": "schema_mask_only",
  "final_acc": 0.09987500000000002,
  "final_balanced_acc": 0.10000000000000002,
  "distortion_proxy": 0.0,
  "class_gap_proxy": 0.2417441056871594,
  "bytes_per_client_round": 7724,
  "elapsed_sec": 7.5457587242126465
}
