{
  "method": "qproto_masked_hop",
  "final_acc": 0.5162500000000001,
  "final_balanced_acc": 0.5237078272604588,
  "distortion_proxy": 0.0,
  "class_gap_proxy": 1.4544539270426322,
  "bytes_per_client_round": 660,
  "elapsed_sec": 0.020528078079223633
}
