{
  "method": "fedadam_forced",
  "final_acc": 0.23615000000000003,
  "final_balanced_acc": 0.23356377586668525,
  "distortion_proxy": 0.0,
  "class_gap_proxy": 0.0,
  "bytes_per_client_round": 7720,
  "elapsed_sec": 13.544942617416382
}
