{
  "method": "forced_canonical",
  "final_acc": 0.33425000000000005,
  "final_balanced_acc": 0.33425000000000005,
  "distortion_proxy": 0.34395982039861067,
  "class_gap_proxy": 0.15199585041182193,
  "bytes_per_client_round": 1556,
  "elapsed_sec": 0.47468066215515137
}
