{
  "method": "qproto_proto",
  "final_acc": 0.32275,
  "final_balanced_acc": 0.31289980301530895,
  "distortion_proxy": 0.0,
  "class_gap_proxy": 0.3319441484648964,
  "bytes_per_client_round": 1556,
  "elapsed_sec": 0.33194494247436523
}
