{
  "method": "feddyn_schema",
  "final_acc": 0.24496666666666664,
  "final_balanced_acc": 0.24536557041941992,
  "distortion_proxy": 0.0,
  "class_gap_proxy": 0.0,
  "bytes_per_client_round": 7720,
  "elapsed_sec": 16.230360746383667
}
