{
  "method": "qproto_cproto",
  "final_acc": 0.380625,
  "final_balanced_acc": 0.380625,
  "distortion_proxy": 0.0,
  "class_gap_proxy": 0.29776336916615626,
  "bytes_per_client_round": 276,
  "elapsed_sec": 0.33074426651000977
}
