{
  "method": "shared_observable",
  "final_acc": 0.6821750000000001,
  "final_balanced_acc": 0.6767260271543636,
  "distortion_proxy": 1.0798524969327443,
  "class_gap_proxy": 0.3107792669521619,
  "bytes_per_client_round": 7724,
  "elapsed_sec": 10.806349039077759
}
