{
  "method": "fedavg_forced",
  "final_acc": 0.30870000000000003,
  "final_balanced_acc": 0.30829404276566486,
  "distortion_proxy": 0.0,
  "class_gap_proxy": 0.0,
  "bytes_per_client_round": 3088,
  "elapsed_sec": 13.712462186813354
}
