{
  "summaries": [
    {
      "method": "qproto_cproto",
      "final_acc": 0.5833333333333334,
      "final_balanced_acc": 0.538729959478506,
      "distortion_proxy": 0.0,
      "class_gap_proxy": 1.075913532142313,
      "bytes_per_client_round": 276,
      "elapsed_sec": 0.02277398109436035
    },
    {
      "method": "qproto_chop",
      "final_acc": 0.5895833333333333,
      "final_balanced_acc": 0.5444613284002819,
      "distortion_proxy": 0.0,
      "class_gap_proxy": 1.075913532142313,
      "bytes_per_client_round": 532,
      "elapsed_sec": 0.033284902572631836
    }
  ]
}
