{
  "summaries": [
    {
      "method": "qproto_hop",
      "final_acc": 0.42460000000000003,
      "final_balanced_acc": 0.428217378499944,
      "distortion_proxy": 0.0,
      "class_gap_proxy": 0.23218367428462935,
      "bytes_per_client_round": 3092,
      "elapsed_sec": 14.579833507537842
    }
  ]
}
