{
  "method": "forced_canonical",
  "final_acc": 0.34091666666666665,
  "final_balanced_acc": 0.34152051970187025,
  "distortion_proxy": 0.08617478083848124,
  "class_gap_proxy": 0.09986386345985636,
  "bytes_per_client_round": 3092,
  "elapsed_sec": 12.841511011123657
}
