{
  "summaries": [
    {
      "method": "qproto_proto",
      "final_acc": 0.447125,
      "final_balanced_acc": 0.4482619467558886,
      "distortion_proxy": 0.0,
      "class_gap_proxy": 0.29306535705746933,
      "bytes_per_client_round": 212,
      "elapsed_sec": 2.3037681579589844
    },
    {
      "method": "qproto_hop",
      "final_acc": 0.7195624999999999,
      "final_balanced_acc": 0.7202048819078102,
      "distortion_proxy": 0.0,
      "class_gap_proxy": 0.29306535705746933,
      "bytes_per_client_round": 724,
      "elapsed_sec": 2.3075993061065674
    },
    {
      "method": "qproto_full",
      "final_acc": 0.7184999999999999,
      "final_balanced_acc": 0.719205204042015,
      "distortion_proxy": 0.0,
      "class_gap_proxy": 0.2912124303936777,
      "bytes_per_client_round": 728,
      "elapsed_sec": 2.3500187397003174
    }
  ]
}
