{
  "summaries": [
    {
      "method": "qproto_hop",
      "final_acc": 0.6525694444444444,
      "final_balanced_acc": 0.6471771818604808,
      "distortion_proxy": 0.0,
      "class_gap_proxy": 0.3731281823905654,
      "bytes_per_client_round": 1428,
      "elapsed_sec": 3.999316692352295
    },
    {
      "method": "qproto_full",
      "final_acc": 0.6425694444444444,
      "final_balanced_acc": 0.6389454423031221,
      "distortion_proxy": 0.0,
      "class_gap_proxy": 0.4478875623379935,
      "bytes_per_client_round": 1432,
      "elapsed_sec": 3.664583683013916
    },
    {
      "method": "no_schema",
      "final_acc": 0.44399305555555557,
      "final_balanced_acc": 0.44122566991060125,
      "distortion_proxy": 0.22914560748914678,
      "class_gap_proxy": 0.23073450118953878,
      "bytes_per_client_round": 1044,
      "elapsed_sec": 2.7543022632598877
    },
    {
      "method": "wrong_schema",
      "final_acc": 0.28795138888888894,
      "final_balanced_acc": 0.28577679658908256,
      "distortion_proxy": 0.16690078704666186,
      "class_gap_proxy": 0.3225983671432189,
      "bytes_per_client_round": 1428,
      "elapsed_sec": 3.755545139312744
    }
  ]
}
