{
  "method": "qproto_cproto",
  "final_acc": 0.6793500000000001,
  "final_balanced_acc": 0.6821557840345391,
  "distortion_proxy": 0.0,
  "class_gap_proxy": 5.184871965646896,
  "bytes_per_client_round": 10284,
  "elapsed_sec": 11.127048969268799
}
