{
  "summaries": [
    {
      "method": "qproto_full",
      "final_acc": 0.6244583333333333,
      "final_balanced_acc": 0.6199784270614896,
      "distortion_proxy": 0.0,
      "class_gap_proxy": 0.45000973625814605,
      "bytes_per_client_round": 1432,
      "elapsed_sec": 2.667855978012085
    },
    {
      "method": "wrong_schema",
      "final_acc": 0.30062500000000003,
      "final_balanced_acc": 0.2987661515936221,
      "distortion_proxy": 0.121633341182159,
      "class_gap_proxy": 0.37421848316253153,
      "bytes_per_client_round": 1428,
      "elapsed_sec": 2.124753952026367
    },
    {
      "method": "forced_canonical",
      "final_acc": 0.42391666666666666,
      "final_balanced_acc": 0.4231636713811223,
      "distortion_proxy": 0.29693013320671857,
      "class_gap_proxy": 0.22294191538278504,
      "bytes_per_client_round": 1044,
      "elapsed_sec": 1.7487950325012207
    },
    {
      "method": "no_schema",
      "final_acc": 0.47354166666666664,
      "final_balanced_acc": 0.47019673747411844,
      "distortion_proxy": 0.25544395807050074,
      "class_gap_proxy": 0.25019366851142305,
      "bytes_per_client_round": 1044,
      "elapsed_sec": 1.360935926437378
    }
  ]
}
