{
  "method": "no_schema",
  "final_acc": 0.15524999999999997,
  "final_balanced_acc": 0.1562696011763623,
  "distortion_proxy": 0.2621887182539188,
  "class_gap_proxy": 0.11227962735489305,
  "bytes_per_client_round": 7724,
  "elapsed_sec": 12.092053651809692
}
