{
  "method": "qproto_cproto",
  "final_acc": 0.7268999999999999,
  "final_balanced_acc": 0.7224448057866876,
  "distortion_proxy": 0.0,
  "class_gap_proxy": 2.93976914852265,
  "bytes_per_client_round": 7724,
  "elapsed_sec": 9.811285495758057
}
