{
  "method": "fedproto_schema",
  "final_acc": 0.48875,
  "final_balanced_acc": 0.484586485297385,
  "distortion_proxy": 0.0,
  "class_gap_proxy": 0.45987752439281665,
  "bytes_per_client_round": 7724,
  "elapsed_sec": 15.301741600036621
}
