{
  "summaries": [
    {
      "method": "qproto_cproto",
      "final_acc": 0.5739583333333333,
      "final_balanced_acc": 0.528770260747005,
      "distortion_proxy": 0.0,
      "class_gap_proxy": 0.9385394752552342,
      "bytes_per_client_round": 212,
      "elapsed_sec": 0.022057294845581055
    },
    {
      "method": "qproto_chop",
      "final_acc": 0.5864583333333333,
      "final_balanced_acc": 0.5426857602184638,
      "distortion_proxy": 0.0,
      "class_gap_proxy": 0.9385394752552342,
      "bytes_per_client_round": 468,
      "elapsed_sec": 0.025209665298461914
    }
  ]
}
