{
  "method": "qproto_chop",
  "final_acc": 0.605,
  "final_balanced_acc": 0.6050043432444748,
  "distortion_proxy": 0.0,
  "class_gap_proxy": 1.6476503055237737,
  "bytes_per_client_round": 532,
  "elapsed_sec": 0.02004241943359375
}
