{
  "method": "fedproto_schema",
  "final_acc": 0.23335,
  "final_balanced_acc": 0.23397752253999582,
  "distortion_proxy": 0.0,
  "class_gap_proxy": 0.33747844145614886,
  "bytes_per_client_round": 7724,
  "elapsed_sec": 10.844981670379639
}
