{
  "method": "qproto_hop",
  "final_acc": 0.52875,
  "final_balanced_acc": 0.5312518278080195,
  "distortion_proxy": 0.0,
  "class_gap_proxy": 0.4864988443118192,
  "bytes_per_client_round": 1428,
  "elapsed_sec": 2.1287386417388916
}
