{
  "method": "fedprox_forced",
  "final_acc": 0.29974999999999996,
  "final_balanced_acc": 0.29975,
  "distortion_proxy": 0.0,
  "class_gap_proxy": 0.0,
  "bytes_per_client_round": 1552,
  "elapsed_sec": 0.5169954299926758
}
