{
  "method": "no_schema",
  "final_acc": 0.32735000000000003,
  "final_balanced_acc": 0.3277161608165461,
  "distortion_proxy": 0.09208704018695331,
  "class_gap_proxy": 0.0975358237024531,
  "bytes_per_client_round": 3092,
  "elapsed_sec": 9.411600351333618
}
