{
  "method": "fedavg_forced",
  "final_acc": 0.3925416666666667,
  "final_balanced_acc": 0.3853855379599821,
  "distortion_proxy": 0.0,
  "class_gap_proxy": 0.0,
  "bytes_per_client_round": 1040,
  "elapsed_sec": 2.403836250305176
}
