{
  "method": "fedprox_schema",
  "final_acc": 0.42542500000000005,
  "final_balanced_acc": 0.4370265900475466,
  "distortion_proxy": 0.0,
  "class_gap_proxy": 0.0,
  "bytes_per_client_round": 7720,
  "elapsed_sec": 8.456928730010986
}
