{
  "method": "qproto_full",
  "final_acc": 0.6200833333333333,
  "final_balanced_acc": 0.6167684161016401,
  "distortion_proxy": 0.0,
  "class_gap_proxy": 0.4730567463716391,
  "bytes_per_client_round": 1432,
  "elapsed_sec": 1.6804544925689697
}
