{
  "method": "fedprox_forced",
  "final_acc": 0.30579166666666663,
  "final_balanced_acc": 0.3060908596745283,
  "distortion_proxy": 0.0,
  "class_gap_proxy": 0.0,
  "bytes_per_client_round": 3088,
  "elapsed_sec": 13.001659154891968
}
