{
  "method": "fedproto_schema",
  "final_acc": 0.28600000000000003,
  "final_balanced_acc": 0.28600000000000003,
  "distortion_proxy": 0.0,
  "class_gap_proxy": 0.2458336084592123,
  "bytes_per_client_round": 1556,
  "elapsed_sec": 0.4113352298736572
}
