{
  "method": "qproto_full",
  "final_acc": 0.7193750000000001,
  "final_balanced_acc": 0.7220931540388239,
  "distortion_proxy": 0.0,
  "class_gap_proxy": 0.2903949608214208,
  "bytes_per_client_round": 2264,
  "elapsed_sec": 0.3734855651855469
}
