{
  "method": "classical_kernel",
  "final_acc": 0.6683333333333333,
  "final_balanced_acc": 0.6660070921541171,
  "distortion_proxy": 0.0,
  "class_gap_proxy": 0.187936472061301,
  "bytes_per_client_round": 3092,
  "elapsed_sec": 4.7985146045684814
}
