{
  "method": "fedprox_forced",
  "final_acc": 0.2662916666666667,
  "final_balanced_acc": 0.2677676214513963,
  "distortion_proxy": 0.0,
  "class_gap_proxy": 0.0,
  "bytes_per_client_round": 1040,
  "elapsed_sec": 2.4720685482025146
}
