{
  "method": "qproto_full",
  "final_acc": 0.442,
  "final_balanced_acc": 0.44209837779645056,
  "distortion_proxy": 0.0,
  "class_gap_proxy": 0.23212834649911188,
  "bytes_per_client_round": 4632,
  "elapsed_sec": 18.12772297859192
}
