{
  "method": "qproto_proto",
  "final_acc": 0.50965,
  "final_balanced_acc": 0.5082329022058077,
  "distortion_proxy": 0.0,
  "class_gap_proxy": 0.2631815894925446,
  "bytes_per_client_round": 3092,
  "elapsed_sec": 14.65995740890503
}
