{
  "summaries": [
    {
      "method": "fedadam_schema",
      "final_acc": 0.47837499999999994,
      "final_balanced_acc": 0.47429390519738474,
      "distortion_proxy": 0.0,
      "class_gap_proxy": 0.0,
      "bytes_per_client_round": 7720,
      "elapsed_sec": 48.475468158721924
    }
  ]
}
