{
  "method": "no_schema",
  "final_acc": 0.32650000000000007,
  "final_balanced_acc": 0.32692225289389404,
  "distortion_proxy": 0.09208704018695331,
  "class_gap_proxy": 0.10021873370530349,
  "bytes_per_client_round": 3092,
  "elapsed_sec": 10.529568195343018
}
