{
  "method": "fedadam_forced",
  "final_acc": 0.17166666666666666,
  "final_balanced_acc": 0.17205448322531322,
  "distortion_proxy": 0.0,
  "class_gap_proxy": 0.0,
  "bytes_per_client_round": 7720,
  "elapsed_sec": 17.02927875518799
}
