{
  "method": "no_schema",
  "final_acc": 0.3554166666666666,
  "final_balanced_acc": 0.35508196292902516,
  "distortion_proxy": 0.31049069162456544,
  "class_gap_proxy": 0.20045285855550654,
  "bytes_per_client_round": 1044,
  "elapsed_sec": 1.1415770053863525
}
