{
  "method": "fedavg_forced",
  "final_acc": 0.30645833333333333,
  "final_balanced_acc": 0.29700123506739634,
  "distortion_proxy": 0.0,
  "class_gap_proxy": 0.0,
  "bytes_per_client_round": 3088,
  "elapsed_sec": 15.818227052688599
}
