{
  "method": "wrong_schema",
  "final_acc": 0.26865,
  "final_balanced_acc": 0.2651090263462798,
  "distortion_proxy": 0.39126419269740337,
  "class_gap_proxy": 0.2753049543636154,
  "bytes_per_client_round": 4628,
  "elapsed_sec": 16.278571128845215
}
