{
  "method": "scaffold_schema",
  "final_acc": 0.4958333333333334,
  "final_balanced_acc": 0.5034378815628816,
  "distortion_proxy": 0.0,
  "class_gap_proxy": 0.0,
  "bytes_per_client_round": 1056,
  "elapsed_sec": 0.02455925941467285
}
