{
  "method": "wrong_schema",
  "final_acc": 0.265875,
  "final_balanced_acc": 0.265875,
  "distortion_proxy": 0.11185774580515852,
  "class_gap_proxy": 0.26093355206015945,
  "bytes_per_client_round": 3092,
  "elapsed_sec": 0.42237186431884766
}
