{
  "method": "qproto_full",
  "final_acc": 0.44144999999999995,
  "final_balanced_acc": 0.44132114036394443,
  "distortion_proxy": 0.0,
  "class_gap_proxy": 0.2525310974811321,
  "bytes_per_client_round": 4632,
  "elapsed_sec": 14.846942901611328
}
