{
  "method": "qproto_chop",
  "final_acc": 0.6428499999999999,
  "final_balanced_acc": 0.6421721367368824,
  "distortion_proxy": 0.0,
  "class_gap_proxy": 4.993071945197101,
  "bytes_per_client_round": 11564,
  "elapsed_sec": 15.186025142669678
}
