{
  "method": "fedproto_schema",
  "final_acc": 0.2353,
  "final_balanced_acc": 0.23377926190004739,
  "distortion_proxy": 0.0,
  "class_gap_proxy": 0.32659711859614304,
  "bytes_per_client_round": 7724,
  "elapsed_sec": 9.503861904144287
}
