{
  "method": "qproto_full",
  "final_acc": 0.5784499999999999,
  "final_balanced_acc": 0.5819761899858394,
  "distortion_proxy": 0.0,
  "class_gap_proxy": 0.5095652938545979,
  "bytes_per_client_round": 920,
  "elapsed_sec": 2.0761446952819824
}
