{
  "method": "qproto_full",
  "final_acc": 0.6642013888888889,
  "final_balanced_acc": 0.6590083015551251,
  "distortion_proxy": 0.0,
  "class_gap_proxy": 0.42855023292885025,
  "bytes_per_client_round": 1432,
  "elapsed_sec": 4.041005849838257
}
