{
  "method": "qproto_full",
  "final_acc": 0.6223125,
  "final_balanced_acc": 0.6218506535235884,
  "distortion_proxy": 0.0,
  "class_gap_proxy": 0.24066185259842823,
  "bytes_per_client_round": 344,
  "elapsed_sec": 2.0234506130218506
}
