{
  "method": "qproto_cproto",
  "final_acc": 0.4825,
  "final_balanced_acc": 0.5038729636591479,
  "distortion_proxy": 0.0,
  "class_gap_proxy": 1.4713513696946323,
  "bytes_per_client_round": 276,
  "elapsed_sec": 0.04041552543640137
}
