{
  "method": "qproto_cproto",
  "final_acc": 0.3724,
  "final_balanced_acc": 0.3747377251472891,
  "distortion_proxy": 0.0,
  "class_gap_proxy": 0.6061903340856706,
  "bytes_per_client_round": 1944,
  "elapsed_sec": 2.003016471862793
}
