{
  "method": "qproto_hop",
  "final_acc": 0.7126250000000001,
  "final_balanced_acc": 0.7092961671615952,
  "distortion_proxy": 0.0,
  "class_gap_proxy": 0.23572100536309515,
  "bytes_per_client_round": 404,
  "elapsed_sec": 1.3902859687805176
}
