{
  "method": "qproto_proto",
  "final_acc": 0.5045312500000001,
  "final_balanced_acc": 0.5007143685029031,
  "distortion_proxy": 0.0,
  "class_gap_proxy": 0.2902283509542607,
  "bytes_per_client_round": 212,
  "elapsed_sec": 0.2235274314880371
}
