{
  "method": "wrong_schema",
  "final_acc": 0.32058333333333333,
  "final_balanced_acc": 0.3200079540691897,
  "distortion_proxy": 0.1425037893731817,
  "class_gap_proxy": 0.3507230362854104,
  "bytes_per_client_round": 1428,
  "elapsed_sec": 3.325329065322876
}
