{
  "method": "qproto_cproto",
  "final_acc": 0.7339,
  "final_balanced_acc": 0.7301027102249036,
  "distortion_proxy": 0.0,
  "class_gap_proxy": 2.968676345749709,
  "bytes_per_client_round": 7724,
  "elapsed_sec": 6.834363222122192
}
