{
  "method": "scaffold_schema",
  "final_acc": 0.28700000000000003,
  "final_balanced_acc": 0.28700000000000003,
  "distortion_proxy": 0.0,
  "class_gap_proxy": 0.0,
  "bytes_per_client_round": 3104,
  "elapsed_sec": 0.597470760345459
}
