{
  "method": "shared_observable",
  "final_acc": 0.692025,
  "final_balanced_acc": 0.6872913764398348,
  "distortion_proxy": 0.8347070547979597,
  "class_gap_proxy": 0.31753187549701295,
  "bytes_per_client_round": 7724,
  "elapsed_sec": 15.773585081100464
}
