{
  "method": "fedadam_schema",
  "final_acc": 0.45125,
  "final_balanced_acc": 0.44200709013209016,
  "distortion_proxy": 0.0,
  "class_gap_proxy": 0.0,
  "bytes_per_client_round": 528,
  "elapsed_sec": 0.031075477600097656
}
