{
  "method": "shared_observable",
  "final_acc": 0.4136833333333333,
  "final_balanced_acc": 0.41421609140872795,
  "distortion_proxy": 1.0764774791115364,
  "class_gap_proxy": 0.21558260053431003,
  "bytes_per_client_round": 7724,
  "elapsed_sec": 14.976133584976196
}
