{
  "method": "fedavg_forced",
  "final_acc": 0.18187499999999998,
  "final_balanced_acc": 0.18158588191512112,
  "distortion_proxy": 0.0,
  "class_gap_proxy": 0.0,
  "bytes_per_client_round": 7720,
  "elapsed_sec": 13.511724948883057
}
