{
  "method": "shared_observable",
  "final_acc": 0.37725,
  "final_balanced_acc": 0.37725,
  "distortion_proxy": 1.299328675917574,
  "class_gap_proxy": 0.060068928468694244,
  "bytes_per_client_round": 1556,
  "elapsed_sec": 0.3026716709136963
}
