{
  "method": "fedprox_schema",
  "final_acc": 0.36007500000000003,
  "final_balanced_acc": 0.3547668766427424,
  "distortion_proxy": 0.0,
  "class_gap_proxy": 0.0,
  "bytes_per_client_round": 7720,
  "elapsed_sec": 8.090161323547363
}
