{
  "method": "fedprox_schema",
  "final_acc": 0.2557333333333333,
  "final_balanced_acc": 0.2592847916723523,
  "distortion_proxy": 0.0,
  "class_gap_proxy": 0.0,
  "bytes_per_client_round": 7720,
  "elapsed_sec": 10.071071863174438
}
