{
  "summaries": [
    {
      "method": "qproto_masked_hop",
      "final_acc": 0.762,
      "final_balanced_acc": 0.7495268456375839,
      "distortion_proxy": 0.0,
      "class_gap_proxy": 2.722054618568708,
      "bytes_per_client_round": 2708,
      "elapsed_sec": 0.6823153495788574
    }
  ]
}
