{
  "method": "no_schema",
  "final_acc": 0.3289,
  "final_balanced_acc": 0.3276050109303965,
  "distortion_proxy": 0.0949891744137946,
  "class_gap_proxy": 0.10528623535307931,
  "bytes_per_client_round": 3092,
  "elapsed_sec": 13.151508808135986
}
