{
  "summaries": [
    {
      "method": "qproto_full",
      "final_acc": 0.6733333333333333,
      "final_balanced_acc": 0.6759584730088612,
      "distortion_proxy": 0.0,
      "class_gap_proxy": 0.47846405636884753,
      "bytes_per_client_round": 1432,
      "elapsed_sec": 2.167827606201172
    },
    {
      "method": "wrong_schema",
      "final_acc": 0.28841666666666665,
      "final_balanced_acc": 0.2908971541265883,
      "distortion_proxy": 0.1493241852938211,
      "class_gap_proxy": 0.3411666697443418,
      "bytes_per_client_round": 1428,
      "elapsed_sec": 2.007110357284546
    },
    {
      "method": "forced_canonical",
      "final_acc": 0.42841666666666667,
      "final_balanced_acc": 0.42943838689708497,
      "distortion_proxy": 0.29947706631878146,
      "class_gap_proxy": 0.22964450313600673,
      "bytes_per_client_round": 1044,
      "elapsed_sec": 1.7352924346923828
    },
    {
      "method": "no_schema",
      "final_acc": 0.41120833333333334,
      "final_balanced_acc": 0.41326210257955776,
      "distortion_proxy": 0.2666058615969441,
      "class_gap_proxy": 0.21487152103907348,
      "bytes_per_client_round": 1044,
      "elapsed_sec": 1.3952863216400146
    }
  ]
}
