{
  "method": "qproto_cproto",
  "final_acc": 0.56625,
  "final_balanced_acc": 0.5470464257964258,
  "distortion_proxy": 0.0,
  "class_gap_proxy": 1.3457265251103234,
  "bytes_per_client_round": 276,
  "elapsed_sec": 0.016992568969726562
}
