{
  "method": "fedprox_forced",
  "final_acc": 0.4015000000000001,
  "final_balanced_acc": 0.40891986284344606,
  "distortion_proxy": 0.0,
  "class_gap_proxy": 0.0,
  "bytes_per_client_round": 1040,
  "elapsed_sec": 2.4629642963409424
}
