{
  "method": "qproto_hop",
  "final_acc": 0.6998333333333334,
  "final_balanced_acc": 0.6986232034165075,
  "distortion_proxy": 0.0,
  "class_gap_proxy": 0.5345911170207057,
  "bytes_per_client_round": 1428,
  "elapsed_sec": 2.1281449794769287
}
