{
  "method": "fedproto_schema",
  "final_acc": 0.30924999999999997,
  "final_balanced_acc": 0.3111072621937542,
  "distortion_proxy": 0.0,
  "class_gap_proxy": 0.35200839736607326,
  "bytes_per_client_round": 7724,
  "elapsed_sec": 15.051635265350342
}
