{
  "method": "fedavg_forced",
  "final_acc": 0.24835000000000002,
  "final_balanced_acc": 0.2503686841622352,
  "distortion_proxy": 0.0,
  "class_gap_proxy": 0.0,
  "bytes_per_client_round": 3088,
  "elapsed_sec": 11.928608655929565
}
