{
  "summaries": [
    {
      "method": "qproto_proto",
      "final_acc": 0.3893125,
      "final_balanced_acc": 0.38500050951244336,
      "distortion_proxy": 0.0,
      "class_gap_proxy": 0.23572100536309515,
      "bytes_per_client_round": 212,
      "elapsed_sec": 2.3390021324157715
    },
    {
      "method": "qproto_hop",
      "final_acc": 0.8415625,
      "final_balanced_acc": 0.8412569728387655,
      "distortion_proxy": 0.0,
      "class_gap_proxy": 0.23572100536309515,
      "bytes_per_client_round": 2260,
      "elapsed_sec": 3.3342552185058594
    },
    {
      "method": "qproto_full",
      "final_acc": 0.8443125,
      "final_balanced_acc": 0.8441100998336437,
      "distortion_proxy": 0.0,
      "class_gap_proxy": 0.24066185259842823,
      "bytes_per_client_round": 2264,
      "elapsed_sec": 3.2564427852630615
    }
  ]
}
