{
  "method": "scaffold_schema",
  "final_acc": 0.30302500000000004,
  "final_balanced_acc": 0.2923066650434992,
  "distortion_proxy": 0.0,
  "class_gap_proxy": 0.0,
  "bytes_per_client_round": 15440,
  "elapsed_sec": 16.890093564987183
}
