{
  "method": "fedavg_forced",
  "final_acc": 0.26629166666666665,
  "final_balanced_acc": 0.26776993701662577,
  "distortion_proxy": 0.0,
  "class_gap_proxy": 0.0,
  "bytes_per_client_round": 1040,
  "elapsed_sec": 2.506732702255249
}
