{
  "method": "qproto_cproto",
  "final_acc": 0.7202750000000001,
  "final_balanced_acc": 0.7148093525542282,
  "distortion_proxy": 0.0,
  "class_gap_proxy": 3.065552959010058,
  "bytes_per_client_round": 7724,
  "elapsed_sec": 12.065659046173096
}
