{
  "method": "fedavg_forced",
  "final_acc": 0.26866666666666666,
  "final_balanced_acc": 0.2645495760221644,
  "distortion_proxy": 0.0,
  "class_gap_proxy": 0.0,
  "bytes_per_client_round": 1040,
  "elapsed_sec": 2.380453586578369
}
