{
  "method": "qproto_cproto",
  "final_acc": 0.4465166666666667,
  "final_balanced_acc": 0.4464517794498476,
  "distortion_proxy": 0.0,
  "class_gap_proxy": 2.3417506626012687,
  "bytes_per_client_round": 7724,
  "elapsed_sec": 20.082525968551636
}
