{
  "method": "qproto_full",
  "final_acc": 0.6863541666666667,
  "final_balanced_acc": 0.6854036323136589,
  "distortion_proxy": 0.0,
  "class_gap_proxy": 0.3995944631472344,
  "bytes_per_client_round": 1432,
  "elapsed_sec": 2.6964404582977295
}
