{
  "method": "shared_observable",
  "final_acc": 0.463625,
  "final_balanced_acc": 0.46362499999999995,
  "distortion_proxy": 1.2181478961671195,
  "class_gap_proxy": 0.09964832308449678,
  "bytes_per_client_round": 1556,
  "elapsed_sec": 0.4408297538757324
}
