{
  "method": "fedavg_forced",
  "final_acc": 0.11023333333333332,
  "final_balanced_acc": 0.11285550031014202,
  "distortion_proxy": 0.0,
  "class_gap_proxy": 0.0,
  "bytes_per_client_round": 7720,
  "elapsed_sec": 27.847881317138672
}
