{
  "method": "wrong_schema",
  "final_acc": 0.3280416666666667,
  "final_balanced_acc": 0.32693814769287244,
  "distortion_proxy": 0.1488803721729864,
  "class_gap_proxy": 0.17362747803650533,
  "bytes_per_client_round": 1428,
  "elapsed_sec": 3.146059036254883
}
