{
  "method": "qproto_masked_hop",
  "final_acc": 0.5625,
  "final_balanced_acc": 0.563072331754397,
  "distortion_proxy": 0.0,
  "class_gap_proxy": 1.668234252850426,
  "bytes_per_client_round": 660,
  "elapsed_sec": 0.023156166076660156
}
