{
  "method": "fedadam_schema",
  "final_acc": 0.3897833333333333,
  "final_balanced_acc": 0.38931317414146466,
  "distortion_proxy": 0.0,
  "class_gap_proxy": 0.0,
  "bytes_per_client_round": 7720,
  "elapsed_sec": 12.417719841003418
}
