{
  "method": "wrong_schema",
  "final_acc": 0.28037499999999993,
  "final_balanced_acc": 0.28235305462638416,
  "distortion_proxy": 0.20915532923131597,
  "class_gap_proxy": 0.41329858919004975,
  "bytes_per_client_round": 1428,
  "elapsed_sec": 1.8282279968261719
}
