{
  "method": "qproto_cproto",
  "final_acc": 0.36039999999999994,
  "final_balanced_acc": 0.35632792749607417,
  "distortion_proxy": 0.0,
  "class_gap_proxy": 0.5181794253860147,
  "bytes_per_client_round": 1944,
  "elapsed_sec": 2.3293418884277344
}
