{
  "method": "fedavg_schema",
  "final_acc": 0.25825,
  "final_balanced_acc": 0.26162588014439725,
  "distortion_proxy": 0.0,
  "class_gap_proxy": 0.0,
  "bytes_per_client_round": 7720,
  "elapsed_sec": 10.191753387451172
}
