{
  "method": "fedproto_schema",
  "final_acc": 0.5820400000000001,
  "final_balanced_acc": 0.5760796374033178,
  "distortion_proxy": 0.0,
  "class_gap_proxy": 0.2605925787064558,
  "bytes_per_client_round": 7724,
  "elapsed_sec": 23.557836055755615
}
