{
  "method": "fedavg_forced",
  "final_acc": 0.35433333333333333,
  "final_balanced_acc": 0.35767091545922647,
  "distortion_proxy": 0.0,
  "class_gap_proxy": 0.0,
  "bytes_per_client_round": 3088,
  "elapsed_sec": 17.967834949493408
}
