{
  "method": "fedavg_forced",
  "final_acc": 0.3843333333333333,
  "final_balanced_acc": 0.37499748845571734,
  "distortion_proxy": 0.0,
  "class_gap_proxy": 0.0,
  "bytes_per_client_round": 3088,
  "elapsed_sec": 12.401460886001587
}
