{
  "method": "fedavg_forced",
  "final_acc": 0.24825000000000003,
  "final_balanced_acc": 0.25026575992802536,
  "distortion_proxy": 0.0,
  "class_gap_proxy": 0.0,
  "bytes_per_client_round": 3088,
  "elapsed_sec": 13.523793935775757
}
