{
  "method": "qproto_masked",
  "final_acc": 0.565625,
  "final_balanced_acc": 0.572793309631545,
  "distortion_proxy": 0.0,
  "class_gap_proxy": 1.2052234728823434,
  "bytes_per_client_round": 404,
  "elapsed_sec": 0.025430917739868164
}
