{
  "method": "no_schema",
  "final_acc": 0.35950000000000004,
  "final_balanced_acc": 0.3585612269361768,
  "distortion_proxy": 0.10218299853996064,
  "class_gap_proxy": 0.09507369333991093,
  "bytes_per_client_round": 3092,
  "elapsed_sec": 14.398929595947266
}
