{
  "method": "fedavg_forced",
  "final_acc": 0.19137500000000002,
  "final_balanced_acc": 0.20463007163584734,
  "distortion_proxy": 0.0,
  "class_gap_proxy": 0.0,
  "bytes_per_client_round": 7720,
  "elapsed_sec": 9.232537508010864
}
