{
  "method": "wrong_schema",
  "final_acc": 0.26408333333333334,
  "final_balanced_acc": 0.26300490762655077,
  "distortion_proxy": 0.4100882314931292,
  "class_gap_proxy": 0.2670307500600932,
  "bytes_per_client_round": 4628,
  "elapsed_sec": 14.999922752380371
}
