{
  "method": "qproto_masked_hop",
  "final_acc": 0.7420000000000001,
  "final_balanced_acc": 0.737918515707392,
  "distortion_proxy": 0.0,
  "class_gap_proxy": 4.766464835496264,
  "bytes_per_client_round": 24364,
  "elapsed_sec": 15.750701665878296
}
