{
  "method": "qproto_masked_hop",
  "final_acc": 0.4493666666666666,
  "final_balanced_acc": 0.4492493095530431,
  "distortion_proxy": 0.0,
  "class_gap_proxy": 3.9437687235073984,
  "bytes_per_client_round": 24364,
  "elapsed_sec": 20.394383668899536
}
