{
  "method": "scaffold_schema",
  "final_acc": 0.23445,
  "final_balanced_acc": 0.23378653050194842,
  "distortion_proxy": 0.0,
  "class_gap_proxy": 0.0,
  "bytes_per_client_round": 15440,
  "elapsed_sec": 10.469128847122192
}
