{
  "method": "feddyn_schema",
  "final_acc": 0.30174999999999996,
  "final_balanced_acc": 0.29463426787574276,
  "distortion_proxy": 0.0,
  "class_gap_proxy": 0.0,
  "bytes_per_client_round": 7720,
  "elapsed_sec": 8.224869012832642
}
