{
  "method": "fedavg_forced",
  "final_acc": 0.26949999999999996,
  "final_balanced_acc": 0.27869987544198,
  "distortion_proxy": 0.0,
  "class_gap_proxy": 0.0,
  "bytes_per_client_round": 3088,
  "elapsed_sec": 14.409517049789429
}
