{
  "method": "qproto_hop",
  "final_acc": 0.5594583333333334,
  "final_balanced_acc": 0.5616916549531756,
  "distortion_proxy": 0.0,
  "class_gap_proxy": 0.5109946212849041,
  "bytes_per_client_round": 1428,
  "elapsed_sec": 1.966630458831787
}
