{
  "method": "qproto_chop",
  "final_acc": 0.6657500000000001,
  "final_balanced_acc": 0.6657500000000001,
  "distortion_proxy": 0.0,
  "class_gap_proxy": 0.6416421037860692,
  "bytes_per_client_round": 2324,
  "elapsed_sec": 0.4982950687408447
}
