{
  "method": "fedavg_forced",
  "final_acc": 0.5262083333333333,
  "final_balanced_acc": 0.5323522964596981,
  "distortion_proxy": 0.0,
  "class_gap_proxy": 0.0,
  "bytes_per_client_round": 1040,
  "elapsed_sec": 2.36098575592041
}
