{
  "method": "centralized_qproto",
  "final_acc": 0.4374166666666667,
  "final_balanced_acc": 0.437102800223302,
  "distortion_proxy": 0.0,
  "class_gap_proxy": 0.23426813302276758,
  "bytes_per_client_round": 0,
  "elapsed_sec": 13.985065221786499
}
