{
  "method": "qproto_chop",
  "final_acc": 0.90625,
  "final_balanced_acc": 0.9044337606837606,
  "distortion_proxy": 0.0,
  "class_gap_proxy": 2.7222375079134147,
  "bytes_per_client_round": 660,
  "elapsed_sec": 0.01918196678161621
}
