{
  "method": "qproto_full",
  "final_acc": 0.58775,
  "final_balanced_acc": 0.5926441910565694,
  "distortion_proxy": 0.0,
  "class_gap_proxy": 0.487378959292095,
  "bytes_per_client_round": 1432,
  "elapsed_sec": 2.179560422897339
}
