{
  "method": "qproto_chop",
  "final_acc": 0.4483333333333334,
  "final_balanced_acc": 0.4496833206387265,
  "distortion_proxy": 0.0,
  "class_gap_proxy": 2.2251828622565317,
  "bytes_per_client_round": 11564,
  "elapsed_sec": 19.744266271591187
}
