{
  "method": "forced_canonical",
  "final_acc": 0.3995416666666667,
  "final_balanced_acc": 0.40035289537206814,
  "distortion_proxy": 0.1095917982325685,
  "class_gap_proxy": 0.2853536188534797,
  "bytes_per_client_round": 1044,
  "elapsed_sec": 1.3393118381500244
}
