{
  "method": "feddyn_schema",
  "final_acc": 0.49892499999999995,
  "final_balanced_acc": 0.5001117399690327,
  "distortion_proxy": 0.0,
  "class_gap_proxy": 0.0,
  "bytes_per_client_round": 7720,
  "elapsed_sec": 8.94323205947876
}
