{
  "method": "fedavg_forced",
  "final_acc": 0.27620833333333333,
  "final_balanced_acc": 0.2912177509273741,
  "distortion_proxy": 0.0,
  "class_gap_proxy": 0.0,
  "bytes_per_client_round": 1040,
  "elapsed_sec": 2.434296131134033
}
