{
  "method": "fedadam_schema",
  "final_acc": 0.33923999999999993,
  "final_balanced_acc": 0.3382649251056373,
  "distortion_proxy": 0.0,
  "class_gap_proxy": 0.0,
  "bytes_per_client_round": 7720,
  "elapsed_sec": 35.27765345573425
}
