{
  "method": "qproto_hop",
  "final_acc": 0.46319999999999995,
  "final_balanced_acc": 0.4618540638944749,
  "distortion_proxy": 0.0,
  "class_gap_proxy": 0.27201051942179016,
  "bytes_per_client_round": 3092,
  "elapsed_sec": 15.075329065322876
}
