{
  "method": "qproto_chop",
  "final_acc": 0.59375,
  "final_balanced_acc": 0.5748662469751966,
  "distortion_proxy": 0.0,
  "class_gap_proxy": 1.3920892691089417,
  "bytes_per_client_round": 532,
  "elapsed_sec": 0.02297830581665039
}
