{
  "method": "shared_observable",
  "final_acc": 0.6339999999999999,
  "final_balanced_acc": 0.6324982261570739,
  "distortion_proxy": 0.8350068279355575,
  "class_gap_proxy": 0.4805660840773067,
  "bytes_per_client_round": 7724,
  "elapsed_sec": 9.692557334899902
}
