{
  "method": "qproto_full",
  "final_acc": 0.5286250000000001,
  "final_balanced_acc": 0.5311501194221793,
  "distortion_proxy": 0.0,
  "class_gap_proxy": 0.4852977892016787,
  "bytes_per_client_round": 1432,
  "elapsed_sec": 1.6130297183990479
}
