{
  "method": "no_schema",
  "final_acc": 0.41125,
  "final_balanced_acc": 0.4200056453962704,
  "distortion_proxy": 0.27315607454979857,
  "class_gap_proxy": 0.27600012807318325,
  "bytes_per_client_round": 404,
  "elapsed_sec": 0.03204655647277832
}
