{
  "method": "no_schema",
  "final_acc": 0.2909,
  "final_balanced_acc": 0.29039467978836975,
  "distortion_proxy": 0.0,
  "class_gap_proxy": 0.13355100044439802,
  "bytes_per_client_round": 1944,
  "elapsed_sec": 1.349827766418457
}
