{
  "method": "qproto_cproto",
  "final_acc": 0.7319200000000001,
  "final_balanced_acc": 0.7276364465594733,
  "distortion_proxy": 0.0,
  "class_gap_proxy": 2.874839856618178,
  "bytes_per_client_round": 7724,
  "elapsed_sec": 49.1735577583313
}
