{
  "method": "fedprox_forced",
  "final_acc": 0.2474166666666667,
  "final_balanced_acc": 0.25839900507270824,
  "distortion_proxy": 0.0,
  "class_gap_proxy": 0.0,
  "bytes_per_client_round": 1040,
  "elapsed_sec": 2.3954579830169678
}
