{
  "method": "qproto_chop",
  "final_acc": 0.6809999999999999,
  "final_balanced_acc": 0.6781739968401282,
  "distortion_proxy": 0.0,
  "class_gap_proxy": 3.5040605619755487,
  "bytes_per_client_round": 9004,
  "elapsed_sec": 15.21888780593872
}
