{
  "method": "fedavg_forced",
  "final_acc": 0.30705,
  "final_balanced_acc": 0.30662853007907864,
  "distortion_proxy": 0.0,
  "class_gap_proxy": 0.0,
  "bytes_per_client_round": 3088,
  "elapsed_sec": 13.882016658782959
}
