{
  "method": "fedproto_schema",
  "final_acc": 0.3392933333333334,
  "final_balanced_acc": 0.3385544236021167,
  "distortion_proxy": 0.0,
  "class_gap_proxy": 0.22391500571503672,
  "bytes_per_client_round": 7724,
  "elapsed_sec": 40.47283339500427
}
