{
  "method": "no_schema",
  "final_acc": 0.4514166666666665,
  "final_balanced_acc": 0.4519131216938181,
  "distortion_proxy": 0.29731657680554907,
  "class_gap_proxy": 0.172340096662444,
  "bytes_per_client_round": 1044,
  "elapsed_sec": 2.1420390605926514
}
