{
  "method": "qproto_proto",
  "final_acc": 0.5247500000000002,
  "final_balanced_acc": 0.5253338997441822,
  "distortion_proxy": 0.0,
  "class_gap_proxy": 0.2653058020470102,
  "bytes_per_client_round": 3092,
  "elapsed_sec": 12.590642213821411
}
