{
  "method": "qproto_chop",
  "final_acc": 0.56875,
  "final_balanced_acc": 0.5721141278206496,
  "distortion_proxy": 0.0,
  "class_gap_proxy": 1.3886445420332916,
  "bytes_per_client_round": 532,
  "elapsed_sec": 0.03427481651306152
}
