{
  "method": "fedadam_forced",
  "final_acc": 0.14983333333333332,
  "final_balanced_acc": 0.15003051466924094,
  "distortion_proxy": 0.0,
  "class_gap_proxy": 0.0,
  "bytes_per_client_round": 7720,
  "elapsed_sec": 10.411578178405762
}
