{
  "method": "qproto_full",
  "final_acc": 0.6663333333333333,
  "final_balanced_acc": 0.6636089330715322,
  "distortion_proxy": 0.0,
  "class_gap_proxy": 0.48814582390747857,
  "bytes_per_client_round": 1432,
  "elapsed_sec": 2.1631999015808105
}
