{
  "method": "fedavg_forced",
  "final_acc": 0.13679999999999998,
  "final_balanced_acc": 0.12570355743936115,
  "distortion_proxy": 0.0,
  "class_gap_proxy": 0.0,
  "bytes_per_client_round": 7720,
  "elapsed_sec": 8.505129337310791
}
