{
  "method": "fedprox_forced",
  "final_acc": 0.4075833333333333,
  "final_balanced_acc": 0.4018306594801103,
  "distortion_proxy": 0.0,
  "class_gap_proxy": 0.0,
  "bytes_per_client_round": 1040,
  "elapsed_sec": 2.5176265239715576
}
