{
  "method": "no_schema",
  "final_acc": 0.5390625,
  "final_balanced_acc": 0.563328265624458,
  "distortion_proxy": 0.21974638106982494,
  "class_gap_proxy": 0.2557890423966915,
  "bytes_per_client_round": 532,
  "elapsed_sec": 0.0256502628326416
}
