{
  "method": "qproto_full",
  "final_acc": 0.7290625,
  "final_balanced_acc": 0.7272554978369188,
  "distortion_proxy": 0.0,
  "class_gap_proxy": 0.31379157559935855,
  "bytes_per_client_round": 1240,
  "elapsed_sec": 2.673271656036377
}
