{
  "method": "qproto_masked_hop",
  "final_acc": 0.57375,
  "final_balanced_acc": 0.5616985621381039,
  "distortion_proxy": 0.0,
  "class_gap_proxy": 1.4541279227616764,
  "bytes_per_client_round": 660,
  "elapsed_sec": 0.02572154998779297
}
