{
  "method": "no_schema",
  "final_acc": 0.30545,
  "final_balanced_acc": 0.3063373366402964,
  "distortion_proxy": 0.0,
  "class_gap_proxy": 0.12384807467008996,
  "bytes_per_client_round": 1944,
  "elapsed_sec": 1.544661521911621
}
