{
  "method": "fedadam_schema",
  "final_acc": 0.34880333333333324,
  "final_balanced_acc": 0.3503911681339359,
  "distortion_proxy": 0.0,
  "class_gap_proxy": 0.0,
  "bytes_per_client_round": 7720,
  "elapsed_sec": 55.69904899597168
}
