{
  "method": "qproto_masked_hop",
  "final_acc": 0.730525,
  "final_balanced_acc": 0.7255502733339088,
  "distortion_proxy": 0.0,
  "class_gap_proxy": 4.40103852311871,
  "bytes_per_client_round": 24364,
  "elapsed_sec": 13.497661828994751
}
