{
  "method": "no_schema",
  "final_acc": 0.4525,
  "final_balanced_acc": 0.45601617351030227,
  "distortion_proxy": 0.13214791973759848,
  "class_gap_proxy": 0.33109344857577466,
  "bytes_per_client_round": 532,
  "elapsed_sec": 0.0189363956451416
}
