{
  "method": "no_schema",
  "final_acc": 0.21070000000000003,
  "final_balanced_acc": 0.20918345609134784,
  "distortion_proxy": 0.10778162598648544,
  "class_gap_proxy": 0.14070826125412794,
  "bytes_per_client_round": 7724,
  "elapsed_sec": 13.410971641540527
}
