{
  "method": "forced_canonical",
  "final_acc": 0.2979,
  "final_balanced_acc": 0.2988971008908372,
  "distortion_proxy": 0.0,
  "class_gap_proxy": 0.1201683153626052,
  "bytes_per_client_round": 1944,
  "elapsed_sec": 0.9815187454223633
}
