{
  "method": "fedprox_schema",
  "final_acc": 0.30384999999999995,
  "final_balanced_acc": 0.28645183603953733,
  "distortion_proxy": 0.0,
  "class_gap_proxy": 0.0,
  "bytes_per_client_round": 7720,
  "elapsed_sec": 8.57814884185791
}
