{
  "method": "qproto_chop",
  "final_acc": 0.588375,
  "final_balanced_acc": 0.588375,
  "distortion_proxy": 0.0,
  "class_gap_proxy": 0.8393166289227673,
  "bytes_per_client_round": 2580,
  "elapsed_sec": 0.6354162693023682
}
