{
  "method": "qproto_full",
  "final_acc": 0.6986805555555556,
  "final_balanced_acc": 0.6984102003654454,
  "distortion_proxy": 0.0,
  "class_gap_proxy": 0.4032700428393343,
  "bytes_per_client_round": 1432,
  "elapsed_sec": 3.980139970779419
}
