{
  "method": "qproto_cproto",
  "final_acc": 0.6597249999999999,
  "final_balanced_acc": 0.6621686039598362,
  "distortion_proxy": 0.0,
  "class_gap_proxy": 4.764561458724009,
  "bytes_per_client_round": 7724,
  "elapsed_sec": 12.258466958999634
}
