{
  "method": "qproto_hop",
  "final_acc": 0.6336250000000001,
  "final_balanced_acc": 0.6352470866153614,
  "distortion_proxy": 0.0,
  "class_gap_proxy": 0.29306535705746933,
  "bytes_per_client_round": 340,
  "elapsed_sec": 2.167416572570801
}
