{
  "method": "fedproto_forced",
  "final_acc": 0.22205,
  "final_balanced_acc": 0.21940801191869022,
  "distortion_proxy": 0.0,
  "class_gap_proxy": 0.14094318796323685,
  "bytes_per_client_round": 7724,
  "elapsed_sec": 7.217574596405029
}
