{
  "method": "fedadam_schema",
  "final_acc": 0.5277777777777778,
  "final_balanced_acc": 0.5140897293288839,
  "distortion_proxy": 0.0,
  "class_gap_proxy": 0.0,
  "bytes_per_client_round": 264,
  "elapsed_sec": 0.014954566955566406
}
