{
  "method": "no_schema",
  "final_acc": 0.22035,
  "final_balanced_acc": 0.21728717575359885,
  "distortion_proxy": 0.3037287932719074,
  "class_gap_proxy": 0.15609010424346514,
  "bytes_per_client_round": 7724,
  "elapsed_sec": 7.035697937011719
}
