{
  "method": "qproto_hop",
  "final_acc": 0.6568750000000001,
  "final_balanced_acc": 0.6547933829987346,
  "distortion_proxy": 0.0,
  "class_gap_proxy": 0.3271323416184926,
  "bytes_per_client_round": 4628,
  "elapsed_sec": 14.410558938980103
}
