{
  "method": "fedavg_forced",
  "final_acc": 0.35162499999999997,
  "final_balanced_acc": 0.3532911215820186,
  "distortion_proxy": 0.0,
  "class_gap_proxy": 0.0,
  "bytes_per_client_round": 3088,
  "elapsed_sec": 8.407200813293457
}
