{
  "summaries": [
    {
      "method": "qproto_cproto",
      "final_acc": 0.6695249999999999,
      "final_balanced_acc": 0.6723872267505392,
      "distortion_proxy": 0.0,
      "class_gap_proxy": 3.726031847953526,
      "bytes_per_client_round": 5164,
      "elapsed_sec": 14.482833623886108
    },
    {
      "method": "qproto_chop",
      "final_acc": 0.67015,
      "final_balanced_acc": 0.673039220097288,
      "distortion_proxy": 0.0,
      "class_gap_proxy": 3.726031847953526,
      "bytes_per_client_round": 9004,
      "elapsed_sec": 15.882617235183716
    }
  ]
}
