{
  "method": "qproto_masked_hop",
  "final_acc": 0.7371000000000001,
  "final_balanced_acc": 0.7320462359521336,
  "distortion_proxy": 0.0,
  "class_gap_proxy": 4.185870867967912,
  "bytes_per_client_round": 24364,
  "elapsed_sec": 10.528566122055054
}
