{
  "method": "fedprox_forced",
  "final_acc": 0.2755416666666667,
  "final_balanced_acc": 0.2869311418139676,
  "distortion_proxy": 0.0,
  "class_gap_proxy": 0.0,
  "bytes_per_client_round": 1040,
  "elapsed_sec": 1.511490821838379
}
