{
  "method": "fedprox_forced",
  "final_acc": 0.37629166666666664,
  "final_balanced_acc": 0.3885148430890514,
  "distortion_proxy": 0.0,
  "class_gap_proxy": 0.0,
  "bytes_per_client_round": 3088,
  "elapsed_sec": 16.18638777732849
}
