{
  "method": "qproto_hop",
  "final_acc": 0.8415625,
  "final_balanced_acc": 0.8412569728387655,
  "distortion_proxy": 0.0,
  "class_gap_proxy": 0.23572100536309515,
  "bytes_per_client_round": 2260,
  "elapsed_sec": 3.3342552185058594
}
