{
  "summaries": [
    {
      "method": "qproto_proto",
      "final_acc": 0.447125,
      "final_balanced_acc": 0.4482619467558886,
      "distortion_proxy": 0.0,
      "class_gap_proxy": 0.29306535705746933,
      "bytes_per_client_round": 212,
      "elapsed_sec": 2.2968270778656006
    },
    {
      "method": "qproto_hop",
      "final_acc": 0.6336250000000001,
      "final_balanced_acc": 0.6352470866153614,
      "distortion_proxy": 0.0,
      "class_gap_proxy": 0.29306535705746933,
      "bytes_per_client_round": 340,
      "elapsed_sec": 2.167416572570801
    },
    {
      "method": "qproto_full",
      "final_acc": 0.6321875,
      "final_balanced_acc": 0.6337586833658118,
      "distortion_proxy": 0.0,
      "class_gap_proxy": 0.2912124303936777,
      "bytes_per_client_round": 344,
      "elapsed_sec": 2.044137716293335
    }
  ]
}
