{
  "method": "fedadam_schema",
  "final_acc": 0.16402500000000003,
  "final_balanced_acc": 0.1630047732497611,
  "distortion_proxy": 0.0,
  "class_gap_proxy": 0.0,
  "bytes_per_client_round": 7720,
  "elapsed_sec": 11.590579986572266
}
