{
  "method": "no_schema",
  "final_acc": 0.41150000000000003,
  "final_balanced_acc": 0.41175742705937146,
  "distortion_proxy": 0.3361874604295951,
  "class_gap_proxy": 0.27149538223225783,
  "bytes_per_client_round": 1044,
  "elapsed_sec": 1.3221590518951416
}
