{
  "method": "fedadam_schema",
  "final_acc": 0.15925,
  "final_balanced_acc": 0.15828611751270405,
  "distortion_proxy": 0.0,
  "class_gap_proxy": 0.0,
  "bytes_per_client_round": 7720,
  "elapsed_sec": 11.644176006317139
}
