{
  "method": "qproto_cproto",
  "final_acc": 0.45109333333333335,
  "final_balanced_acc": 0.45264365674066914,
  "distortion_proxy": 0.0,
  "class_gap_proxy": 2.252555214916665,
  "bytes_per_client_round": 7724,
  "elapsed_sec": 33.221142292022705
}
