{
  "method": "qproto_chop",
  "final_acc": 0.73507,
  "final_balanced_acc": 0.7309542544415245,
  "distortion_proxy": 0.0,
  "class_gap_proxy": 2.8690999237569246,
  "bytes_per_client_round": 11564,
  "elapsed_sec": 23.840086221694946
}
