prefix,method,n,acc_mean,acc_ci95,balanced_acc_mean,bytes_mean,ref_minus_method_mean,ref_minus_method_ci95,paired_wins,paired_n
mismatch_shift,forced_canonical,15,0.42494444444444446,0.004711399722553687,0.4227653414204671,1044.0,0.1975416666666667,0.016077620516776796,15,15
mismatch_shift,no_schema,15,0.4197916666666667,0.011326851373485793,0.41894957591121673,1044.0,0.20269444444444448,0.020617961387831816,15,15
mismatch_shift,qproto_full,15,0.6224861111111112,0.01338237751994839,0.6227891056832268,1432.0,,,0,0
mismatch_shift,wrong_schema,15,0.2978111111111111,0.013456173739813615,0.2991093862471899,1428.0,0.32467500000000005,0.023257485495912774,15,15


