{
  "method": "fedprox_schema",
  "final_acc": 0.24269999999999997,
  "final_balanced_acc": 0.24300492072100469,
  "distortion_proxy": 0.0,
  "class_gap_proxy": 0.0,
  "bytes_per_client_round": 7720,
  "elapsed_sec": 16.227391242980957
}
