{
  "method": "fedadam_schema",
  "final_acc": 0.20434999999999998,
  "final_balanced_acc": 0.20411063882679623,
  "distortion_proxy": 0.0,
  "class_gap_proxy": 0.0,
  "bytes_per_client_round": 7720,
  "elapsed_sec": 10.13620901107788
}
