{
  "method": "fedavg_schema",
  "final_acc": 0.21023999999999998,
  "final_balanced_acc": 0.19772861689743224,
  "distortion_proxy": 0.0,
  "class_gap_proxy": 0.0,
  "bytes_per_client_round": 7720,
  "elapsed_sec": 22.538580656051636
}
