{
  "method": "wrong_schema",
  "final_acc": 0.286,
  "final_balanced_acc": 0.2914339009377812,
  "distortion_proxy": 0.17767681274166597,
  "class_gap_proxy": 0.438843496966465,
  "bytes_per_client_round": 1428,
  "elapsed_sec": 2.2470762729644775
}
