{
  "method": "no_schema",
  "final_acc": 0.34312499999999996,
  "final_balanced_acc": 0.343125,
  "distortion_proxy": 0.2601301361550512,
  "class_gap_proxy": 0.14838379330229606,
  "bytes_per_client_round": 1556,
  "elapsed_sec": 0.2873091697692871
}
