{
  "method": "no_schema",
  "final_acc": 0.3207291666666666,
  "final_balanced_acc": 0.31939794004809896,
  "distortion_proxy": 0.34377063927573503,
  "class_gap_proxy": 0.12775483149688383,
  "bytes_per_client_round": 212,
  "elapsed_sec": 1.2561514377593994
}
