{
  "method": "qproto_hop",
  "final_acc": 0.5346153846153846,
  "final_balanced_acc": 0.5229635690088392,
  "distortion_proxy": 0.0,
  "class_gap_proxy": 0.5554288377641682,
  "bytes_per_client_round": 724,
  "elapsed_sec": 0.07425475120544434
}
