{
  "method": "qproto_masked_hop",
  "final_acc": 0.6683854166666667,
  "final_balanced_acc": 0.6750417268176985,
  "distortion_proxy": 0.0,
  "class_gap_proxy": 0.5500661027108724,
  "bytes_per_client_round": 2324,
  "elapsed_sec": 1.792057991027832
}
