{
  "method": "no_schema",
  "final_acc": 0.32887500000000003,
  "final_balanced_acc": 0.32887500000000003,
  "distortion_proxy": 0.24325483569723824,
  "class_gap_proxy": 0.13255703724812062,
  "bytes_per_client_round": 1556,
  "elapsed_sec": 0.2187192440032959
}
