{
  "method": "qproto_chop",
  "final_acc": 0.624125,
  "final_balanced_acc": 0.624125,
  "distortion_proxy": 0.0,
  "class_gap_proxy": 0.4393039762943687,
  "bytes_per_client_round": 2068,
  "elapsed_sec": 0.6279902458190918
}
