{
  "method": "qproto_full",
  "final_acc": 0.6733333333333333,
  "final_balanced_acc": 0.6759584730088612,
  "distortion_proxy": 0.0,
  "class_gap_proxy": 0.47846405636884753,
  "bytes_per_client_round": 1432,
  "elapsed_sec": 2.167827606201172
}
