{
  "method": "fedadam_schema",
  "final_acc": 0.6575249999999999,
  "final_balanced_acc": 0.6564996568864732,
  "distortion_proxy": 0.0,
  "class_gap_proxy": 0.0,
  "bytes_per_client_round": 7720,
  "elapsed_sec": 11.649348258972168
}
