{
  "method": "fedprox_forced",
  "final_acc": 0.3534166666666666,
  "final_balanced_acc": 0.35676315123882296,
  "distortion_proxy": 0.0,
  "class_gap_proxy": 0.0,
  "bytes_per_client_round": 3088,
  "elapsed_sec": 16.861263751983643
}
