{
  "method": "fedavg_schema",
  "final_acc": 0.4635416666666667,
  "final_balanced_acc": 0.4186619097956307,
  "distortion_proxy": 0.0,
  "class_gap_proxy": 0.0,
  "bytes_per_client_round": 528,
  "elapsed_sec": 0.08911561965942383
}
