{
  "method": "forced_canonical",
  "final_acc": 0.36545833333333333,
  "final_balanced_acc": 0.3691115216311535,
  "distortion_proxy": 0.3482523129383168,
  "class_gap_proxy": 0.26314562682730386,
  "bytes_per_client_round": 1044,
  "elapsed_sec": 1.4547717571258545
}
