{
  "method": "qproto_full",
  "final_acc": 0.32540625,
  "final_balanced_acc": 0.3206721214217167,
  "distortion_proxy": 0.0,
  "class_gap_proxy": 0.29836638510664576,
  "bytes_per_client_round": 6168,
  "elapsed_sec": 55.174227237701416
}
