{
  "method": "qproto_full",
  "final_acc": 0.33399999999999996,
  "final_balanced_acc": 0.32762924158050344,
  "distortion_proxy": 0.0,
  "class_gap_proxy": 0.3362542781271995,
  "bytes_per_client_round": 4632,
  "elapsed_sec": 22.32281231880188
}
