{
  "method": "fedprox_forced",
  "final_acc": 0.16175,
  "final_balanced_acc": 0.14091780100469936,
  "distortion_proxy": 0.0,
  "class_gap_proxy": 0.0,
  "bytes_per_client_round": 7720,
  "elapsed_sec": 14.096225261688232
}
