{
  "summaries": [
    {
      "method": "qproto_hop",
      "final_acc": 0.6939583333333333,
      "final_balanced_acc": 0.6944574722341027,
      "distortion_proxy": 0.0,
      "class_gap_proxy": 0.3702451871301588,
      "bytes_per_client_round": 1428,
      "elapsed_sec": 4.143503665924072
    },
    {
      "method": "qproto_full",
      "final_acc": 0.6289583333333334,
      "final_balanced_acc": 0.6278498573743511,
      "distortion_proxy": 0.0,
      "class_gap_proxy": 0.4304674026864392,
      "bytes_per_client_round": 1432,
      "elapsed_sec": 3.9672186374664307
    },
    {
      "method": "no_schema",
      "final_acc": 0.4575,
      "final_balanced_acc": 0.4576834676574168,
      "distortion_proxy": 0.38781342572578265,
      "class_gap_proxy": 0.21053562821918273,
      "bytes_per_client_round": 1044,
      "elapsed_sec": 2.7109875679016113
    },
    {
      "method": "wrong_schema",
      "final_acc": 0.2863194444444444,
      "final_balanced_acc": 0.27931754571238,
      "distortion_proxy": 0.13819535615122536,
      "class_gap_proxy": 0.322289890903055,
      "bytes_per_client_round": 1428,
      "elapsed_sec": 3.82401704788208
    }
  ]
}
