{
  "method": "fedadam_schema",
  "final_acc": 0.22363333333333335,
  "final_balanced_acc": 0.22322814187017398,
  "distortion_proxy": 0.0,
  "class_gap_proxy": 0.0,
  "bytes_per_client_round": 7720,
  "elapsed_sec": 13.87649917602539
}
