{
  "method": "qproto_masked_hop",
  "final_acc": 0.6801250000000001,
  "final_balanced_acc": 0.6773665601581502,
  "distortion_proxy": 0.0,
  "class_gap_proxy": 6.924985166098472,
  "bytes_per_client_round": 24364,
  "elapsed_sec": 9.19037675857544
}
