{
  "method": "no_schema",
  "final_acc": 0.4234583333333334,
  "final_balanced_acc": 0.42364538425709564,
  "distortion_proxy": 0.32865739384389925,
  "class_gap_proxy": 0.2782747302180415,
  "bytes_per_client_round": 1044,
  "elapsed_sec": 2.4746084213256836
}
