{
  "method": "fedprox_forced",
  "final_acc": 0.26837500000000003,
  "final_balanced_acc": 0.26837500000000003,
  "distortion_proxy": 0.0,
  "class_gap_proxy": 0.0,
  "bytes_per_client_round": 1552,
  "elapsed_sec": 0.5443618297576904
}
