{
  "method": "fedadam_schema",
  "final_acc": 0.17715,
  "final_balanced_acc": 0.17315740123482795,
  "distortion_proxy": 0.0,
  "class_gap_proxy": 0.0,
  "bytes_per_client_round": 7720,
  "elapsed_sec": 11.283905029296875
}
