{
  "summaries": [
    {
      "method": "qproto_hop",
      "final_acc": 0.7054513888888888,
      "final_balanced_acc": 0.7056414043554291,
      "distortion_proxy": 0.0,
      "class_gap_proxy": 0.3975277669664557,
      "bytes_per_client_round": 1428,
      "elapsed_sec": 3.68623423576355
    },
    {
      "method": "qproto_full",
      "final_acc": 0.6986805555555556,
      "final_balanced_acc": 0.6984102003654454,
      "distortion_proxy": 0.0,
      "class_gap_proxy": 0.4032700428393343,
      "bytes_per_client_round": 1432,
      "elapsed_sec": 3.980139970779419
    },
    {
      "method": "no_schema",
      "final_acc": 0.46677083333333336,
      "final_balanced_acc": 0.46684277373865407,
      "distortion_proxy": 0.39021451352963027,
      "class_gap_proxy": 0.2231409533639075,
      "bytes_per_client_round": 1044,
      "elapsed_sec": 2.6021206378936768
    },
    {
      "method": "wrong_schema",
      "final_acc": 0.2881944444444445,
      "final_balanced_acc": 0.2812769093038021,
      "distortion_proxy": 0.13839128680025473,
      "class_gap_proxy": 0.33882581218595864,
      "bytes_per_client_round": 1428,
      "elapsed_sec": 3.601543426513672
    }
  ]
}
