{
  "summaries": [
    {
      "method": "qproto_masked",
      "final_acc": 0.73275,
      "final_balanced_acc": 0.7252489778256339,
      "distortion_proxy": 0.0,
      "class_gap_proxy": 2.7167244757151017,
      "bytes_per_client_round": 1940,
      "elapsed_sec": 0.4724442958831787
    }
  ]
}
