{
  "method": "shared_observable",
  "final_acc": 0.434875,
  "final_balanced_acc": 0.434875,
  "distortion_proxy": 1.2400649367863485,
  "class_gap_proxy": 0.07289650139448592,
  "bytes_per_client_round": 1556,
  "elapsed_sec": 0.3455932140350342
}
