{
  "method": "qproto_masked_hop",
  "final_acc": 0.54625,
  "final_balanced_acc": 0.5493826071271724,
  "distortion_proxy": 0.0,
  "class_gap_proxy": 1.6813445824145672,
  "bytes_per_client_round": 660,
  "elapsed_sec": 0.022829771041870117
}
