{
  "summaries": [
    {
      "method": "qproto_cproto",
      "final_acc": 0.39287500000000003,
      "final_balanced_acc": 0.39287500000000003,
      "distortion_proxy": 0.0,
      "class_gap_proxy": 0.5210714364030861,
      "bytes_per_client_round": 532,
      "elapsed_sec": 0.4732823371887207
    },
    {
      "method": "qproto_chop",
      "final_acc": 0.5998749999999999,
      "final_balanced_acc": 0.599875,
      "distortion_proxy": 0.0,
      "class_gap_proxy": 0.5210714364030861,
      "bytes_per_client_round": 2068,
      "elapsed_sec": 0.5972933769226074
    }
  ]
}
