{
  "method": "fedprox_forced",
  "final_acc": 0.35133333333333333,
  "final_balanced_acc": 0.3679164254223911,
  "distortion_proxy": 0.0,
  "class_gap_proxy": 0.0,
  "bytes_per_client_round": 1040,
  "elapsed_sec": 2.0420281887054443
}
