{
  "method": "wrong_schema",
  "final_acc": 0.263125,
  "final_balanced_acc": 0.263125,
  "distortion_proxy": 0.21194842446732703,
  "class_gap_proxy": 0.27967525629678197,
  "bytes_per_client_round": 3092,
  "elapsed_sec": 0.6354734897613525
}
