{
  "method": "no_schema",
  "final_acc": 0.3454,
  "final_balanced_acc": 0.34407008407749207,
  "distortion_proxy": 0.08598983580888732,
  "class_gap_proxy": 0.09317720629613015,
  "bytes_per_client_round": 3092,
  "elapsed_sec": 4.347947120666504
}
