{
  "method": "qproto_chop",
  "final_acc": 0.69975,
  "final_balanced_acc": 0.6997500000000001,
  "distortion_proxy": 0.0,
  "class_gap_proxy": 0.7332532354276808,
  "bytes_per_client_round": 2324,
  "elapsed_sec": 0.5566551685333252
}
