{
  "method": "centralized_qproto",
  "final_acc": 0.7240416666666667,
  "final_balanced_acc": 0.7242235425670458,
  "distortion_proxy": 0.0,
  "class_gap_proxy": 0.38522609141158637,
  "bytes_per_client_round": 0,
  "elapsed_sec": 17.68882465362549
}
