{
  "method": "feddyn_schema",
  "final_acc": 0.31829999999999997,
  "final_balanced_acc": 0.30282344064522065,
  "distortion_proxy": 0.0,
  "class_gap_proxy": 0.0,
  "bytes_per_client_round": 7720,
  "elapsed_sec": 8.1577627658844
}
