{
  "method": "qproto_hop",
  "final_acc": 0.329125,
  "final_balanced_acc": 0.32276927124036237,
  "distortion_proxy": 0.0,
  "class_gap_proxy": 0.3531998892804415,
  "bytes_per_client_round": 4628,
  "elapsed_sec": 25.62174081802368
}
