{
  "summaries": [
    {
      "method": "qproto_full",
      "final_acc": 0.6312500000000001,
      "final_balanced_acc": 0.628427097446191,
      "distortion_proxy": 0.0,
      "class_gap_proxy": 0.46480316582091774,
      "bytes_per_client_round": 1432,
      "elapsed_sec": 2.1516854763031006
    },
    {
      "method": "wrong_schema",
      "final_acc": 0.307375,
      "final_balanced_acc": 0.30594948268984734,
      "distortion_proxy": 0.11882999753705639,
      "class_gap_proxy": 0.4103416038217202,
      "bytes_per_client_round": 1428,
      "elapsed_sec": 2.0354788303375244
    },
    {
      "method": "no_schema",
      "final_acc": 0.44425,
      "final_balanced_acc": 0.4436035543872728,
      "distortion_proxy": 0.27609316319258037,
      "class_gap_proxy": 0.2726440444111373,
      "bytes_per_client_round": 1044,
      "elapsed_sec": 1.2396483421325684
    },
    {
      "method": "forced_canonical",
      "final_acc": 0.4345416666666666,
      "final_balanced_acc": 0.4331271007719576,
      "distortion_proxy": 0.31580376428635937,
      "class_gap_proxy": 0.22584956335950448,
      "bytes_per_client_round": 1044,
      "elapsed_sec": 1.6675374507904053
    }
  ]
}
