{
  "method": "fedadam_schema",
  "final_acc": 0.41505000000000003,
  "final_balanced_acc": 0.40783347627208644,
  "distortion_proxy": 0.0,
  "class_gap_proxy": 0.0,
  "bytes_per_client_round": 7720,
  "elapsed_sec": 11.57483696937561
}
