{
  "method": "qproto_hop",
  "final_acc": 0.5007500000000001,
  "final_balanced_acc": 0.5036578479532223,
  "distortion_proxy": 0.0,
  "class_gap_proxy": 0.42067426574549455,
  "bytes_per_client_round": 1428,
  "elapsed_sec": 3.572096586227417
}
