{
  "method": "qproto_cproto",
  "final_acc": 0.3932,
  "final_balanced_acc": 0.39248008725970746,
  "distortion_proxy": 0.0,
  "class_gap_proxy": 2.4001503313655395,
  "bytes_per_client_round": 7724,
  "elapsed_sec": 18.639145851135254
}
