{
  "method": "qproto_chop",
  "final_acc": 0.58,
  "final_balanced_acc": 0.5643604566372828,
  "distortion_proxy": 0.0,
  "class_gap_proxy": 1.198734178134669,
  "bytes_per_client_round": 532,
  "elapsed_sec": 0.0275571346282959
}
