{
  "method": "fedprox_forced",
  "final_acc": 0.3195833333333333,
  "final_balanced_acc": 0.3237608336746369,
  "distortion_proxy": 0.0,
  "class_gap_proxy": 0.0,
  "bytes_per_client_round": 1040,
  "elapsed_sec": 2.5673422813415527
}
