{
  "method": "wrong_schema",
  "final_acc": 0.36916666666666664,
  "final_balanced_acc": 0.3627107508059225,
  "distortion_proxy": 0.18993021241000144,
  "class_gap_proxy": 0.4210163994819986,
  "bytes_per_client_round": 852,
  "elapsed_sec": 0.13408875465393066
}
