{
  "method": "fedavg_forced",
  "final_acc": 0.377625,
  "final_balanced_acc": 0.3492354894816547,
  "distortion_proxy": 0.0,
  "class_gap_proxy": 0.0,
  "bytes_per_client_round": 1552,
  "elapsed_sec": 0.2954277992248535
}
