{
  "method": "qproto_chop",
  "final_acc": 0.48375,
  "final_balanced_acc": 0.5015858182387788,
  "distortion_proxy": 0.0,
  "class_gap_proxy": 1.4713513696946323,
  "bytes_per_client_round": 532,
  "elapsed_sec": 0.02035236358642578
}
