{
  "method": "qproto_cproto",
  "final_acc": 0.64945,
  "final_balanced_acc": 0.6473059696752884,
  "distortion_proxy": 0.0,
  "class_gap_proxy": 4.530421713195185,
  "bytes_per_client_round": 7724,
  "elapsed_sec": 7.274388551712036
}
