{
  "method": "fedprox_forced",
  "final_acc": 0.162525,
  "final_balanced_acc": 0.15916894981384963,
  "distortion_proxy": 0.0,
  "class_gap_proxy": 0.0,
  "bytes_per_client_round": 7720,
  "elapsed_sec": 9.160659551620483
}
