{
  "method": "qproto_full",
  "final_acc": 0.49349999999999994,
  "final_balanced_acc": 0.4943251053215921,
  "distortion_proxy": 0.0,
  "class_gap_proxy": 0.5406402680252285,
  "bytes_per_client_round": 1048,
  "elapsed_sec": 0.2657489776611328
}
