{
  "method": "qproto_proto",
  "final_acc": 0.5658000000000001,
  "final_balanced_acc": 0.5668919931878533,
  "distortion_proxy": 0.0,
  "class_gap_proxy": 0.49179863842532684,
  "bytes_per_client_round": 1044,
  "elapsed_sec": 2.285137414932251
}
