{
  "method": "qproto_cproto",
  "final_acc": 0.7320699999999999,
  "final_balanced_acc": 0.7280004274643627,
  "distortion_proxy": 0.0,
  "class_gap_proxy": 2.8690999237569246,
  "bytes_per_client_round": 7724,
  "elapsed_sec": 20.598852396011353
}
