{
  "method": "fedadam_schema",
  "final_acc": 0.3215566666666667,
  "final_balanced_acc": 0.32253658552417974,
  "distortion_proxy": 0.0,
  "class_gap_proxy": 0.0,
  "bytes_per_client_round": 7720,
  "elapsed_sec": 74.36209726333618
}
