{
  "method": "qproto_full",
  "final_acc": 0.9120000000000001,
  "final_balanced_acc": 0.9132299817665464,
  "distortion_proxy": 0.0,
  "class_gap_proxy": 0.5620078045959414,
  "bytes_per_client_round": 1432,
  "elapsed_sec": 2.144613027572632
}
