{
  "method": "fedproto_forced",
  "final_acc": 0.2142,
  "final_balanced_acc": 0.2121794715737609,
  "distortion_proxy": 0.0,
  "class_gap_proxy": 0.1365107443384186,
  "bytes_per_client_round": 7724,
  "elapsed_sec": 7.922273874282837
}
