{
  "method": "scaffold_schema",
  "final_acc": 0.3427083333333333,
  "final_balanced_acc": 0.3664434523809524,
  "distortion_proxy": 0.0,
  "class_gap_proxy": 0.0,
  "bytes_per_client_round": 1056,
  "elapsed_sec": 0.04500699043273926
}
