{
  "method": "fedavg_forced",
  "final_acc": 0.4197916666666667,
  "final_balanced_acc": 0.40193340617367834,
  "distortion_proxy": 0.0,
  "class_gap_proxy": 0.0,
  "bytes_per_client_round": 528,
  "elapsed_sec": 0.02528548240661621
}
