{
  "method": "qproto_full",
  "final_acc": 0.4555999999999999,
  "final_balanced_acc": 0.45629790033965323,
  "distortion_proxy": 0.0,
  "class_gap_proxy": 0.2678590592136509,
  "bytes_per_client_round": 4632,
  "elapsed_sec": 15.523643016815186
}
