{
  "summaries": [
    {
      "method": "qproto_hop",
      "final_acc": 0.682375,
      "final_balanced_acc": 0.6794220874625971,
      "distortion_proxy": 0.0,
      "class_gap_proxy": 0.29306535705746933,
      "bytes_per_client_round": 404,
      "elapsed_sec": 1.442453145980835
    }
  ]
}
