{
  "method": "qproto_full",
  "final_acc": 0.46137500000000004,
  "final_balanced_acc": 0.46430948251024906,
  "distortion_proxy": 0.0,
  "class_gap_proxy": 0.5066918098475326,
  "bytes_per_client_round": 1432,
  "elapsed_sec": 1.686061143875122
}
