{
  "method": "fedavg_forced",
  "final_acc": 0.29599999999999993,
  "final_balanced_acc": 0.3007225623623312,
  "distortion_proxy": 0.0,
  "class_gap_proxy": 0.0,
  "bytes_per_client_round": 3088,
  "elapsed_sec": 8.980180263519287
}
