{
  "method": "fedprox_forced",
  "final_acc": 0.3459583333333333,
  "final_balanced_acc": 0.3410093647808834,
  "distortion_proxy": 0.0,
  "class_gap_proxy": 0.0,
  "bytes_per_client_round": 3088,
  "elapsed_sec": 16.326723337173462
}
