{
  "method": "qproto_chop",
  "final_acc": 0.4039,
  "final_balanced_acc": 0.4050653959500024,
  "distortion_proxy": 0.0,
  "class_gap_proxy": 1.2934634757779553,
  "bytes_per_client_round": 6444,
  "elapsed_sec": 15.991875410079956
}
