{
  "method": "fedavg_forced",
  "final_acc": 0.292125,
  "final_balanced_acc": 0.28633552248124194,
  "distortion_proxy": 0.0,
  "class_gap_proxy": 0.0,
  "bytes_per_client_round": 3088,
  "elapsed_sec": 14.067535161972046
}
