{
  "method": "feddyn_schema",
  "final_acc": 0.43632499999999996,
  "final_balanced_acc": 0.44578827585917535,
  "distortion_proxy": 0.0,
  "class_gap_proxy": 0.0,
  "bytes_per_client_round": 7720,
  "elapsed_sec": 9.79881763458252
}
