{
  "method": "qproto_hop",
  "final_acc": 0.6817708333333333,
  "final_balanced_acc": 0.6790665302898141,
  "distortion_proxy": 0.0,
  "class_gap_proxy": 0.32618691761271096,
  "bytes_per_client_round": 1428,
  "elapsed_sec": 3.1589832305908203
}
