{
  "method": "qproto_masked_hop",
  "final_acc": 0.63625,
  "final_balanced_acc": 0.63625,
  "distortion_proxy": 0.0,
  "class_gap_proxy": 1.4076513002346358,
  "bytes_per_client_round": 3476,
  "elapsed_sec": 0.5840294361114502
}
