{
  "method": "qproto_cproto",
  "final_acc": 0.32999999999999996,
  "final_balanced_acc": 0.33,
  "distortion_proxy": 0.0,
  "class_gap_proxy": 0.42990060969190574,
  "bytes_per_client_round": 276,
  "elapsed_sec": 0.3174865245819092
}
