{
  "method": "qproto_proto",
  "final_acc": 0.6149583333333333,
  "final_balanced_acc": 0.6202696661546024,
  "distortion_proxy": 0.0,
  "class_gap_proxy": 0.5083811904486217,
  "bytes_per_client_round": 1044,
  "elapsed_sec": 1.8567228317260742
}
