{
  "method": "qproto_hop",
  "final_acc": 0.7009722222222221,
  "final_balanced_acc": 0.6979274136765362,
  "distortion_proxy": 0.0,
  "class_gap_proxy": 0.3642746973110671,
  "bytes_per_client_round": 1428,
  "elapsed_sec": 4.07662296295166
}
