{
  "method": "schema_mask_only",
  "final_acc": 0.09962499999999999,
  "final_balanced_acc": 0.10000000000000002,
  "distortion_proxy": 0.09312485775188559,
  "class_gap_proxy": 0.22364425888799827,
  "bytes_per_client_round": 7724,
  "elapsed_sec": 6.4668004512786865
}
