{
  "method": "forced_canonical",
  "final_acc": 0.42262500000000003,
  "final_balanced_acc": 0.40994911502144155,
  "distortion_proxy": 0.36967935193375556,
  "class_gap_proxy": 0.14672944106117183,
  "bytes_per_client_round": 1556,
  "elapsed_sec": 0.30528712272644043
}
