{
  "method": "fedavg_forced",
  "final_acc": 0.10433333333333332,
  "final_balanced_acc": 0.11023685553576859,
  "distortion_proxy": 0.0,
  "class_gap_proxy": 0.0,
  "bytes_per_client_round": 7720,
  "elapsed_sec": 10.010059595108032
}
