{
  "method": "qproto_proto",
  "final_acc": 0.46595,
  "final_balanced_acc": 0.46731539000832767,
  "distortion_proxy": 0.0,
  "class_gap_proxy": 0.2422173553287057,
  "bytes_per_client_round": 3092,
  "elapsed_sec": 5.728651523590088
}
