{
  "method": "qproto_cproto",
  "final_acc": 0.374625,
  "final_balanced_acc": 0.374625,
  "distortion_proxy": 0.0,
  "class_gap_proxy": 0.3283876800356426,
  "bytes_per_client_round": 276,
  "elapsed_sec": 0.35834717750549316
}
