{
  "method": "qproto_masked_hop",
  "final_acc": 0.547625,
  "final_balanced_acc": 0.547625,
  "distortion_proxy": 0.0,
  "class_gap_proxy": 1.0400725494757301,
  "bytes_per_client_round": 3476,
  "elapsed_sec": 0.6436951160430908
}
