{
  "method": "fedavg_forced",
  "final_acc": 0.24170833333333333,
  "final_balanced_acc": 0.25346023128120143,
  "distortion_proxy": 0.0,
  "class_gap_proxy": 0.0,
  "bytes_per_client_round": 1040,
  "elapsed_sec": 2.3090832233428955
}
