{
  "method": "fedproto_schema",
  "final_acc": 0.43949999999999995,
  "final_balanced_acc": 0.4359994081614726,
  "distortion_proxy": 0.0,
  "class_gap_proxy": 0.31184744786440116,
  "bytes_per_client_round": 7724,
  "elapsed_sec": 8.52719235420227
}
