{
  "method": "qproto_full",
  "final_acc": 0.47890625,
  "final_balanced_acc": 0.4767217394912989,
  "distortion_proxy": 0.0,
  "class_gap_proxy": 0.27007916079295996,
  "bytes_per_client_round": 6168,
  "elapsed_sec": 55.07747149467468
}
