{
  "method": "qproto_masked",
  "final_acc": 0.9513888888888888,
  "final_balanced_acc": 0.9523809523809524,
  "distortion_proxy": 0.0,
  "class_gap_proxy": 2.4782227425987866,
  "bytes_per_client_round": 788,
  "elapsed_sec": 0.03983354568481445
}
