{
  "summaries": [
    {
      "method": "qproto_proto",
      "final_acc": 0.45099999999999996,
      "final_balanced_acc": 0.45391110805288637,
      "distortion_proxy": 0.0,
      "class_gap_proxy": 0.26036190008238463,
      "bytes_per_client_round": 1556,
      "elapsed_sec": 13.343968868255615
    }
  ]
}
