{
  "method": "qproto_cproto",
  "final_acc": 0.4145,
  "final_balanced_acc": 0.4145,
  "distortion_proxy": 0.0,
  "class_gap_proxy": 0.5334507610234657,
  "bytes_per_client_round": 788,
  "elapsed_sec": 0.46123838424682617
}
