{
  "method": "no_schema",
  "final_acc": 0.328125,
  "final_balanced_acc": 0.328125,
  "distortion_proxy": 0.1418597884513958,
  "class_gap_proxy": 0.12155963897430382,
  "bytes_per_client_round": 1556,
  "elapsed_sec": 0.2975616455078125
}
