{
  "method": "qproto_cproto",
  "final_acc": 0.5375,
  "final_balanced_acc": 0.5478430025856497,
  "distortion_proxy": 0.0,
  "class_gap_proxy": 1.1418182710492648,
  "bytes_per_client_round": 340,
  "elapsed_sec": 0.03109455108642578
}
