{
  "summaries": [
    {
      "method": "qproto_cproto",
      "final_acc": 0.735975,
      "final_balanced_acc": 0.7320113170950322,
      "distortion_proxy": 0.0,
      "class_gap_proxy": 2.758051867206354,
      "bytes_per_client_round": 7724,
      "elapsed_sec": 16.647536993026733
    },
    {
      "method": "qproto_chop",
      "final_acc": 0.7378750000000001,
      "final_balanced_acc": 0.733884084255874,
      "distortion_proxy": 0.0,
      "class_gap_proxy": 2.758051867206354,
      "bytes_per_client_round": 11564,
      "elapsed_sec": 14.635255575180054
    }
  ]
}
