{
  "summaries": [
    {
      "method": "qproto_full",
      "final_acc": 0.5644166666666666,
      "final_balanced_acc": 0.5652554233491554,
      "distortion_proxy": 0.0,
      "class_gap_proxy": 0.46775846696318313,
      "bytes_per_client_round": 1432,
      "elapsed_sec": 3.0129058361053467
    },
    {
      "method": "wrong_schema",
      "final_acc": 0.2798333333333334,
      "final_balanced_acc": 0.2854895009450392,
      "distortion_proxy": 0.14992721247850954,
      "class_gap_proxy": 0.41180017169380334,
      "bytes_per_client_round": 1428,
      "elapsed_sec": 3.465176582336426
    },
    {
      "method": "forced_canonical",
      "final_acc": 0.39299999999999996,
      "final_balanced_acc": 0.39169844416393024,
      "distortion_proxy": 0.3204176105952858,
      "class_gap_proxy": 0.2774835287668665,
      "bytes_per_client_round": 1044,
      "elapsed_sec": 2.7264039516448975
    },
    {
      "method": "no_schema",
      "final_acc": 0.38095833333333334,
      "final_balanced_acc": 0.3807533620749568,
      "distortion_proxy": 0.3452816619809325,
      "class_gap_proxy": 0.24052777903145794,
      "bytes_per_client_round": 1044,
      "elapsed_sec": 2.139590263366699
    }
  ]
}
