{
  "method": "fedadam_schema",
  "final_acc": 0.28501666666666664,
  "final_balanced_acc": 0.28424455979755475,
  "distortion_proxy": 0.0,
  "class_gap_proxy": 0.0,
  "bytes_per_client_round": 7720,
  "elapsed_sec": 10.307220458984375
}
