{
  "method": "feddyn_schema",
  "final_acc": 0.2927083333333333,
  "final_balanced_acc": 0.29845848595848595,
  "distortion_proxy": 0.0,
  "class_gap_proxy": 0.0,
  "bytes_per_client_round": 528,
  "elapsed_sec": 0.02512979507446289
}
