{
  "method": "fedavg_schema",
  "final_acc": 0.342175,
  "final_balanced_acc": 0.3311261543574895,
  "distortion_proxy": 0.0,
  "class_gap_proxy": 0.0,
  "bytes_per_client_round": 7720,
  "elapsed_sec": 16.006155490875244
}
