{
  "method": "fedprox_schema",
  "final_acc": 0.3114583333333334,
  "final_balanced_acc": 0.2698585972850679,
  "distortion_proxy": 0.0,
  "class_gap_proxy": 0.0,
  "bytes_per_client_round": 528,
  "elapsed_sec": 0.05185723304748535
}
