{
  "method": "wrong_schema",
  "final_acc": 0.27030000000000004,
  "final_balanced_acc": 0.2666290909844432,
  "distortion_proxy": 0.39126419269740337,
  "class_gap_proxy": 0.2772756305185221,
  "bytes_per_client_round": 4628,
  "elapsed_sec": 16.21532106399536
}
