{
  "method": "qproto_hop",
  "final_acc": 0.7195624999999999,
  "final_balanced_acc": 0.7202048819078102,
  "distortion_proxy": 0.0,
  "class_gap_proxy": 0.29306535705746933,
  "bytes_per_client_round": 724,
  "elapsed_sec": 2.3075993061065674
}
