{
  "method": "qproto_hop",
  "final_acc": 0.6416875,
  "final_balanced_acc": 0.6460045945183546,
  "distortion_proxy": 0.0,
  "class_gap_proxy": 0.3181731800545855,
  "bytes_per_client_round": 468,
  "elapsed_sec": 2.095245361328125
}
