{
  "method": "feddyn_schema",
  "final_acc": 0.2976249999999999,
  "final_balanced_acc": 0.2771575816240711,
  "distortion_proxy": 0.0,
  "class_gap_proxy": 0.0,
  "bytes_per_client_round": 7720,
  "elapsed_sec": 15.461971282958984
}
