{
  "method": "qproto_cproto",
  "final_acc": 0.6794899999999999,
  "final_balanced_acc": 0.6824315492464704,
  "distortion_proxy": 0.0,
  "class_gap_proxy": 4.606350267992596,
  "bytes_per_client_round": 7724,
  "elapsed_sec": 18.551727771759033
}
