{
  "method": "qproto_hop",
  "final_acc": 0.6559375,
  "final_balanced_acc": 0.6573771378373272,
  "distortion_proxy": 0.0,
  "class_gap_proxy": 0.3127991481307777,
  "bytes_per_client_round": 468,
  "elapsed_sec": 1.4495806694030762
}
