{
  "summaries": [
    {
      "method": "qproto_cproto",
      "final_acc": 0.7415499999999999,
      "final_balanced_acc": 0.7385703802956685,
      "distortion_proxy": 0.0,
      "class_gap_proxy": 2.627072788877477,
      "bytes_per_client_round": 7724,
      "elapsed_sec": 34.79973530769348
    },
    {
      "method": "qproto_chop",
      "final_acc": 0.745175,
      "final_balanced_acc": 0.7421921658513774,
      "distortion_proxy": 0.0,
      "class_gap_proxy": 2.627072788877477,
      "bytes_per_client_round": 11564,
      "elapsed_sec": 33.247360944747925
    }
  ]
}
