{
  "method": "fedavg_forced",
  "final_acc": 0.42737500000000006,
  "final_balanced_acc": 0.426619502506466,
  "distortion_proxy": 0.0,
  "class_gap_proxy": 0.0,
  "bytes_per_client_round": 1040,
  "elapsed_sec": 2.382594347000122
}
