{
  "method": "shared_observable",
  "final_acc": 0.47,
  "final_balanced_acc": 0.45134550634550635,
  "distortion_proxy": 1.0288001054221854,
  "class_gap_proxy": 0.2912294073365786,
  "bytes_per_client_round": 532,
  "elapsed_sec": 0.024819374084472656
}
