{
  "method": "qproto_proto",
  "final_acc": 0.4608499999999999,
  "final_balanced_acc": 0.46209469066984854,
  "distortion_proxy": 0.0,
  "class_gap_proxy": 0.2637253711993514,
  "bytes_per_client_round": 3092,
  "elapsed_sec": 15.060845136642456
}
