{
  "method": "fedavg_forced",
  "final_acc": 0.384625,
  "final_balanced_acc": 0.3748371268349002,
  "distortion_proxy": 0.0,
  "class_gap_proxy": 0.0,
  "bytes_per_client_round": 1552,
  "elapsed_sec": 0.2584705352783203
}
