{
  "method": "fedproto_schema",
  "final_acc": 0.16137500000000002,
  "final_balanced_acc": 0.1624538240699322,
  "distortion_proxy": 0.0,
  "class_gap_proxy": 0.32133900907269414,
  "bytes_per_client_round": 7724,
  "elapsed_sec": 10.905910968780518
}
