{
  "method": "qproto_cproto",
  "final_acc": 0.7127749999999999,
  "final_balanced_acc": 0.7083717309497547,
  "distortion_proxy": 0.0,
  "class_gap_proxy": 2.318365993054236,
  "bytes_per_client_round": 5164,
  "elapsed_sec": 13.095313310623169
}
