{
  "method": "qproto_masked_hop",
  "final_acc": 0.537625,
  "final_balanced_acc": 0.537625,
  "distortion_proxy": 0.0,
  "class_gap_proxy": 1.2823305262469258,
  "bytes_per_client_round": 3476,
  "elapsed_sec": 0.6204802989959717
}
