{
  "method": "qproto_proto",
  "final_acc": 0.40708333333333335,
  "final_balanced_acc": 0.4116707232199853,
  "distortion_proxy": 0.0,
  "class_gap_proxy": 0.42998717778459156,
  "bytes_per_client_round": 1044,
  "elapsed_sec": 3.237353801727295
}
