{
  "method": "wrong_schema",
  "final_acc": 0.2682083333333333,
  "final_balanced_acc": 0.2668639581055433,
  "distortion_proxy": 0.1302187804177969,
  "class_gap_proxy": 0.3989196158751533,
  "bytes_per_client_round": 1428,
  "elapsed_sec": 3.2498581409454346
}
