{
  "method": "qproto_hop",
  "final_acc": 0.614125,
  "final_balanced_acc": 0.6189694296726829,
  "distortion_proxy": 0.0,
  "class_gap_proxy": 0.3181731800545855,
  "bytes_per_client_round": 340,
  "elapsed_sec": 2.081509828567505
}
