{
  "summaries": [
    {
      "method": "qproto_proto",
      "final_acc": 0.48050000000000004,
      "final_balanced_acc": 0.4826601255642263,
      "distortion_proxy": 0.0,
      "class_gap_proxy": 0.28404205495031365,
      "bytes_per_client_round": 3092,
      "elapsed_sec": 15.831090927124023
    }
  ]
}
