{
  "method": "fedavg_forced",
  "final_acc": 0.29362499999999997,
  "final_balanced_acc": 0.30256757897494346,
  "distortion_proxy": 0.0,
  "class_gap_proxy": 0.0,
  "bytes_per_client_round": 1040,
  "elapsed_sec": 1.8713698387145996
}
