{
  "method": "feddyn_schema",
  "final_acc": 0.4614583333333333,
  "final_balanced_acc": 0.41963035147991545,
  "distortion_proxy": 0.0,
  "class_gap_proxy": 0.0,
  "bytes_per_client_round": 528,
  "elapsed_sec": 0.06061577796936035
}
