{
  "method": "fedadam_schema",
  "final_acc": 0.2771166666666666,
  "final_balanced_acc": 0.2774064694945697,
  "distortion_proxy": 0.0,
  "class_gap_proxy": 0.0,
  "bytes_per_client_round": 7720,
  "elapsed_sec": 12.72765064239502
}
