{
  "method": "qproto_proto",
  "final_acc": 0.6694583333333333,
  "final_balanced_acc": 0.6729809288514352,
  "distortion_proxy": 0.0,
  "class_gap_proxy": 0.4243812952835644,
  "bytes_per_client_round": 1044,
  "elapsed_sec": 3.156313180923462
}
