{
  "method": "fedadam_forced",
  "final_acc": 0.27745000000000003,
  "final_balanced_acc": 0.2785002186564981,
  "distortion_proxy": 0.0,
  "class_gap_proxy": 0.0,
  "bytes_per_client_round": 7720,
  "elapsed_sec": 8.752264738082886
}
