{
  "method": "no_schema",
  "final_acc": 0.3452,
  "final_balanced_acc": 0.3438836428159312,
  "distortion_proxy": 0.08598983580888732,
  "class_gap_proxy": 0.09346463760016177,
  "bytes_per_client_round": 3092,
  "elapsed_sec": 12.556240797042847
}
