{
  "method": "fedavg_forced",
  "final_acc": 0.31179166666666663,
  "final_balanced_acc": 0.30422496209233446,
  "distortion_proxy": 0.0,
  "class_gap_proxy": 0.0,
  "bytes_per_client_round": 1040,
  "elapsed_sec": 2.6858344078063965
}
