{
  "method": "fedavg_forced",
  "final_acc": 0.30985000000000007,
  "final_balanced_acc": 0.3063092793705269,
  "distortion_proxy": 0.0,
  "class_gap_proxy": 0.0,
  "bytes_per_client_round": 3088,
  "elapsed_sec": 13.203636646270752
}
