{
  "method": "fedadam_schema",
  "final_acc": 0.5380400000000001,
  "final_balanced_acc": 0.5285012532917777,
  "distortion_proxy": 0.0,
  "class_gap_proxy": 0.0,
  "bytes_per_client_round": 7720,
  "elapsed_sec": 17.978862047195435
}
