{
  "method": "qproto_hop",
  "final_acc": 0.4690416666666667,
  "final_balanced_acc": 0.4655534314627582,
  "distortion_proxy": 0.0,
  "class_gap_proxy": 0.4394091445032953,
  "bytes_per_client_round": 1428,
  "elapsed_sec": 3.622734785079956
}
