{
  "method": "qproto_hop",
  "final_acc": 0.7384166666666667,
  "final_balanced_acc": 0.7398746040572837,
  "distortion_proxy": 0.0,
  "class_gap_proxy": 0.3916238971199552,
  "bytes_per_client_round": 4628,
  "elapsed_sec": 16.93450903892517
}
