{
  "method": "qproto_cproto",
  "final_acc": 0.44623333333333337,
  "final_balanced_acc": 0.44761682461185764,
  "distortion_proxy": 0.0,
  "class_gap_proxy": 2.2251828622565317,
  "bytes_per_client_round": 7724,
  "elapsed_sec": 16.108994007110596
}
