{
  "method": "fedprox_forced",
  "final_acc": 0.3060833333333334,
  "final_balanced_acc": 0.3089065427349686,
  "distortion_proxy": 0.0,
  "class_gap_proxy": 0.0,
  "bytes_per_client_round": 3088,
  "elapsed_sec": 9.409558057785034
}
