{
  "method": "scaffold_schema",
  "final_acc": 0.21456666666666666,
  "final_balanced_acc": 0.21386262455116173,
  "distortion_proxy": 0.0,
  "class_gap_proxy": 0.0,
  "bytes_per_client_round": 15440,
  "elapsed_sec": 12.993655920028687
}
