{
  "method": "qproto_proto",
  "final_acc": 0.48845,
  "final_balanced_acc": 0.48779328614202483,
  "distortion_proxy": 0.0,
  "class_gap_proxy": 0.26391833141635934,
  "bytes_per_client_round": 3092,
  "elapsed_sec": 17.221758365631104
}
