{
  "method": "wrong_schema",
  "final_acc": 0.27887500000000004,
  "final_balanced_acc": 0.27887500000000004,
  "distortion_proxy": 0.09111090998368285,
  "class_gap_proxy": 0.2932510988751357,
  "bytes_per_client_round": 3092,
  "elapsed_sec": 0.5326981544494629
}
