{
  "summaries": [
    {
      "method": "qproto_cproto",
      "final_acc": 0.744325,
      "final_balanced_acc": 0.7389305150568226,
      "distortion_proxy": 0.0,
      "class_gap_proxy": 2.3034919481950022,
      "bytes_per_client_round": 5164,
      "elapsed_sec": 16.849598169326782
    },
    {
      "method": "qproto_chop",
      "final_acc": 0.7491,
      "final_balanced_acc": 0.7437588699123359,
      "distortion_proxy": 0.0,
      "class_gap_proxy": 2.3034919481950022,
      "bytes_per_client_round": 9004,
      "elapsed_sec": 16.968011617660522
    }
  ]
}
