{
  "method": "qproto_cproto",
  "final_acc": 0.6410500000000001,
  "final_balanced_acc": 0.6339050863186769,
  "distortion_proxy": 0.0,
  "class_gap_proxy": 2.833741876112101,
  "bytes_per_client_round": 7724,
  "elapsed_sec": 13.656801223754883
}
