{
  "method": "wrong_schema",
  "final_acc": 0.36083333333333334,
  "final_balanced_acc": 0.36279859983797874,
  "distortion_proxy": 0.2044215864678628,
  "class_gap_proxy": 0.40762367277976125,
  "bytes_per_client_round": 1428,
  "elapsed_sec": 2.0635154247283936
}
