{
  "method": "qproto_cproto",
  "final_acc": 0.55,
  "final_balanced_acc": 0.5630809910701216,
  "distortion_proxy": 0.0,
  "class_gap_proxy": 1.3968525844806312,
  "bytes_per_client_round": 276,
  "elapsed_sec": 0.02125406265258789
}
