{
  "method": "qproto_masked_hop",
  "final_acc": 0.45178333333333337,
  "final_balanced_acc": 0.45158227181459665,
  "distortion_proxy": 0.0,
  "class_gap_proxy": 2.2136904681963205,
  "bytes_per_client_round": 24364,
  "elapsed_sec": 19.346057415008545
}
