{
  "method": "qproto_hop",
  "final_acc": 0.310625,
  "final_balanced_acc": 0.31062500000000004,
  "distortion_proxy": 0.0,
  "class_gap_proxy": 0.2767625142366734,
  "bytes_per_client_round": 3092,
  "elapsed_sec": 0.5822615623474121
}
