{
  "method": "no_schema",
  "final_acc": 0.45350694444444445,
  "final_balanced_acc": 0.45069700393033,
  "distortion_proxy": 0.23101990303506895,
  "class_gap_proxy": 0.26047475654144797,
  "bytes_per_client_round": 1044,
  "elapsed_sec": 2.5734593868255615
}
