{
  "method": "qproto_proto",
  "final_acc": 0.49191666666666667,
  "final_balanced_acc": 0.48995730632080914,
  "distortion_proxy": 0.0,
  "class_gap_proxy": 0.4326447712640809,
  "bytes_per_client_round": 1044,
  "elapsed_sec": 3.051098585128784
}
