{
  "method": "fedavg_forced",
  "final_acc": 0.30929999999999996,
  "final_balanced_acc": 0.30569855197142504,
  "distortion_proxy": 0.0,
  "class_gap_proxy": 0.0,
  "bytes_per_client_round": 3088,
  "elapsed_sec": 12.465416431427002
}
