{
  "method": "qproto_masked_hop",
  "final_acc": 0.615625,
  "final_balanced_acc": 0.615625,
  "distortion_proxy": 0.0,
  "class_gap_proxy": 1.0655034114226882,
  "bytes_per_client_round": 3476,
  "elapsed_sec": 0.47002434730529785
}
