{
  "method": "qproto_full",
  "final_acc": 0.6189583333333333,
  "final_balanced_acc": 0.6156791518572307,
  "distortion_proxy": 0.0,
  "class_gap_proxy": 0.47449243842892797,
  "bytes_per_client_round": 1432,
  "elapsed_sec": 1.661606788635254
}
