{
  "method": "qproto_cproto",
  "final_acc": 0.57875,
  "final_balanced_acc": 0.5603145234395234,
  "distortion_proxy": 0.0,
  "class_gap_proxy": 1.3897001341485986,
  "bytes_per_client_round": 276,
  "elapsed_sec": 0.017441272735595703
}
