{
  "method": "qproto_cproto",
  "final_acc": 0.45330999999999994,
  "final_balanced_acc": 0.4528696273723309,
  "distortion_proxy": 0.0,
  "class_gap_proxy": 2.3966662193837673,
  "bytes_per_client_round": 7724,
  "elapsed_sec": 84.87895655632019
}
