{
  "method": "wrong_schema",
  "final_acc": 0.26749999999999996,
  "final_balanced_acc": 0.26749999999999996,
  "distortion_proxy": 0.11409110871931645,
  "class_gap_proxy": 0.264726376828952,
  "bytes_per_client_round": 3092,
  "elapsed_sec": 0.5789356231689453
}
