{
  "method": "wrong_schema",
  "final_acc": 0.127575,
  "final_balanced_acc": 0.12775850494746635,
  "distortion_proxy": 0.37403111375623677,
  "class_gap_proxy": 0.17681931073339235,
  "bytes_per_client_round": 11564,
  "elapsed_sec": 30.953814268112183
}
