{
  "method": "shared_observable",
  "final_acc": 0.71805,
  "final_balanced_acc": 0.7128144176212026,
  "distortion_proxy": 0.8153365772416259,
  "class_gap_proxy": 0.3225110826013714,
  "bytes_per_client_round": 7724,
  "elapsed_sec": 7.835290193557739
}
