{
  "method": "fedprox_schema",
  "final_acc": 0.4666666666666667,
  "final_balanced_acc": 0.41797976127554615,
  "distortion_proxy": 0.0,
  "class_gap_proxy": 0.0,
  "bytes_per_client_round": 528,
  "elapsed_sec": 0.059630632400512695
}
