{
  "method": "fedprox_forced",
  "final_acc": 0.12132500000000002,
  "final_balanced_acc": 0.10031862745098041,
  "distortion_proxy": 0.0,
  "class_gap_proxy": 0.0,
  "bytes_per_client_round": 7720,
  "elapsed_sec": 7.551107883453369
}
