{
  "method": "schema_mask_only",
  "final_acc": 0.10307499999999999,
  "final_balanced_acc": 0.10000000000000002,
  "distortion_proxy": 0.08767862078893046,
  "class_gap_proxy": 0.3467250223974272,
  "bytes_per_client_round": 7724,
  "elapsed_sec": 27.716999053955078
}
