{
  "method": "fedadam_schema",
  "final_acc": 0.5572916666666666,
  "final_balanced_acc": 0.5679413836430094,
  "distortion_proxy": 0.0,
  "class_gap_proxy": 0.0,
  "bytes_per_client_round": 528,
  "elapsed_sec": 0.05155062675476074
}
