{
  "method": "fedavg_forced",
  "final_acc": 0.268625,
  "final_balanced_acc": 0.2669065148515359,
  "distortion_proxy": 0.0,
  "class_gap_proxy": 0.0,
  "bytes_per_client_round": 3088,
  "elapsed_sec": 13.393834352493286
}
