{
  "method": "qproto_cproto",
  "final_acc": 0.63976,
  "final_balanced_acc": 0.6384440796872763,
  "distortion_proxy": 0.0,
  "class_gap_proxy": 4.428986893612298,
  "bytes_per_client_round": 7724,
  "elapsed_sec": 17.64106512069702
}
