{
  "method": "qproto_masked_hop",
  "final_acc": 0.632125,
  "final_balanced_acc": 0.632125,
  "distortion_proxy": 0.0,
  "class_gap_proxy": 1.1085713351867763,
  "bytes_per_client_round": 3476,
  "elapsed_sec": 0.6739003658294678
}
