{
  "method": "qproto_masked_hop",
  "final_acc": 0.7636999999999999,
  "final_balanced_acc": 0.7601518206497541,
  "distortion_proxy": 0.0,
  "class_gap_proxy": 2.735606816020988,
  "bytes_per_client_round": 24364,
  "elapsed_sec": 14.01854944229126
}
