{
  "method": "fedavg_forced",
  "final_acc": 0.3067916666666667,
  "final_balanced_acc": 0.30974996019423967,
  "distortion_proxy": 0.0,
  "class_gap_proxy": 0.0,
  "bytes_per_client_round": 3088,
  "elapsed_sec": 14.932916641235352
}
