{
  "method": "fedprox_forced",
  "final_acc": 0.21322499999999994,
  "final_balanced_acc": 0.21226387404287755,
  "distortion_proxy": 0.0,
  "class_gap_proxy": 0.0,
  "bytes_per_client_round": 7720,
  "elapsed_sec": 8.567063331604004
}
