{
  "method": "qproto_chop",
  "final_acc": 0.42876666666666674,
  "final_balanced_acc": 0.4286253209831177,
  "distortion_proxy": 0.0,
  "class_gap_proxy": 2.4674709053195016,
  "bytes_per_client_round": 11564,
  "elapsed_sec": 16.055630683898926
}
