{
  "method": "qproto_cproto",
  "final_acc": 0.701825,
  "final_balanced_acc": 0.6977636885147349,
  "distortion_proxy": 0.0,
  "class_gap_proxy": 2.8032896788017583,
  "bytes_per_client_round": 7724,
  "elapsed_sec": 15.853342056274414
}
