{
  "method": "qproto_proto",
  "final_acc": 0.5407916666666668,
  "final_balanced_acc": 0.5394608629260164,
  "distortion_proxy": 0.0,
  "class_gap_proxy": 0.4391637281952894,
  "bytes_per_client_round": 1044,
  "elapsed_sec": 3.300567865371704
}
