{
  "summaries": [
    {
      "method": "qproto_hop",
      "final_acc": 0.5280416666666666,
      "final_balanced_acc": 0.5305856502157328,
      "distortion_proxy": 0.0,
      "class_gap_proxy": 0.48336549538417767,
      "bytes_per_client_round": 1428,
      "elapsed_sec": 1.9430816173553467
    },
    {
      "method": "qproto_full",
      "final_acc": 0.5281250000000001,
      "final_balanced_acc": 0.530650077161832,
      "distortion_proxy": 0.0,
      "class_gap_proxy": 0.4839227272012004,
      "bytes_per_client_round": 1432,
      "elapsed_sec": 1.6499218940734863
    },
    {
      "method": "wrong_schema",
      "final_acc": 0.29370833333333335,
      "final_balanced_acc": 0.292418852530428,
      "distortion_proxy": 0.1230601871075529,
      "class_gap_proxy": 0.4182404794159828,
      "bytes_per_client_round": 1428,
      "elapsed_sec": 1.694655179977417
    },
    {
      "method": "no_schema",
      "final_acc": 0.4112916666666667,
      "final_balanced_acc": 0.41154485873610264,
      "distortion_proxy": 0.3361874604295951,
      "class_gap_proxy": 0.2707528236566697,
      "bytes_per_client_round": 1044,
      "elapsed_sec": 1.183746099472046
    }
  ]
}
