{
  "method": "fedprox_forced",
  "final_acc": 0.2688333333333333,
  "final_balanced_acc": 0.26710341420541195,
  "distortion_proxy": 0.0,
  "class_gap_proxy": 0.0,
  "bytes_per_client_round": 3088,
  "elapsed_sec": 14.592077732086182
}
