{
  "method": "forced_canonical",
  "final_acc": 0.35229166666666667,
  "final_balanced_acc": 0.3516765603823391,
  "distortion_proxy": 0.0887169722124727,
  "class_gap_proxy": 0.10851248313975104,
  "bytes_per_client_round": 3092,
  "elapsed_sec": 14.532963752746582
}
