{
  "method": "qproto_proto",
  "final_acc": 0.5148499999999999,
  "final_balanced_acc": 0.5124028457800828,
  "distortion_proxy": 0.0,
  "class_gap_proxy": 0.2523015476269547,
  "bytes_per_client_round": 3092,
  "elapsed_sec": 17.01483964920044
}
