{
  "method": "qproto_hop",
  "final_acc": 0.6175833333333334,
  "final_balanced_acc": 0.614342967205072,
  "distortion_proxy": 0.0,
  "class_gap_proxy": 0.475856721191045,
  "bytes_per_client_round": 1428,
  "elapsed_sec": 2.039947032928467
}
