{
  "summaries": [
    {
      "method": "qproto_proto",
      "final_acc": 0.5157999999999999,
      "final_balanced_acc": 0.5157208363821839,
      "distortion_proxy": 0.0,
      "class_gap_proxy": 0.285340145411999,
      "bytes_per_client_round": 3092,
      "elapsed_sec": 16.925005197525024
    }
  ]
}
