{
  "method": "fedavg_schema",
  "final_acc": 0.29617499999999997,
  "final_balanced_acc": 0.27538684719386,
  "distortion_proxy": 0.0,
  "class_gap_proxy": 0.0,
  "bytes_per_client_round": 7720,
  "elapsed_sec": 13.434092044830322
}
