{
  "summaries": [
    {
      "method": "qproto_full",
      "final_acc": 0.58775,
      "final_balanced_acc": 0.5926441910565694,
      "distortion_proxy": 0.0,
      "class_gap_proxy": 0.487378959292095,
      "bytes_per_client_round": 1432,
      "elapsed_sec": 2.3216917514801025
    },
    {
      "method": "wrong_schema",
      "final_acc": 0.33625000000000005,
      "final_balanced_acc": 0.33922432450372425,
      "distortion_proxy": 0.14194200797473053,
      "class_gap_proxy": 0.384220891002271,
      "bytes_per_client_round": 1428,
      "elapsed_sec": 2.0565712451934814
    },
    {
      "method": "no_schema",
      "final_acc": 0.4234583333333334,
      "final_balanced_acc": 0.42364538425709564,
      "distortion_proxy": 0.32865739384389925,
      "class_gap_proxy": 0.27827473021804155,
      "bytes_per_client_round": 1044,
      "elapsed_sec": 1.247929334640503
    },
    {
      "method": "forced_canonical",
      "final_acc": 0.42737500000000006,
      "final_balanced_acc": 0.4257343042479049,
      "distortion_proxy": 0.29770415479563683,
      "class_gap_proxy": 0.32515766849978883,
      "bytes_per_client_round": 1044,
      "elapsed_sec": 1.82375168800354
    }
  ]
}
