{
  "method": "no_schema",
  "final_acc": 0.31625,
  "final_balanced_acc": 0.3208253232513101,
  "distortion_proxy": 0.24835478154709503,
  "class_gap_proxy": 0.18920769167983953,
  "bytes_per_client_round": 532,
  "elapsed_sec": 0.02202129364013672
}
