{
  "method": "no_schema",
  "final_acc": 0.4460416666666666,
  "final_balanced_acc": 0.44499027044762773,
  "distortion_proxy": 0.32865739384389925,
  "class_gap_proxy": 0.2197080473207884,
  "bytes_per_client_round": 1044,
  "elapsed_sec": 2.2471790313720703
}
