{
  "method": "fedadam_schema",
  "final_acc": 0.7294750000000001,
  "final_balanced_acc": 0.7244253793286579,
  "distortion_proxy": 0.0,
  "class_gap_proxy": 0.0,
  "bytes_per_client_round": 7720,
  "elapsed_sec": 9.035209655761719
}
