{
  "method": "qproto_masked_hop",
  "final_acc": 0.45672666666666667,
  "final_balanced_acc": 0.458380687162807,
  "distortion_proxy": 0.0,
  "class_gap_proxy": 3.8932655356905546,
  "bytes_per_client_round": 24364,
  "elapsed_sec": 89.22330904006958
}
