{
  "summaries": [
    {
      "method": "qproto_proto",
      "final_acc": 0.5906499999999999,
      "final_balanced_acc": 0.5933883082811188,
      "distortion_proxy": 0.0,
      "class_gap_proxy": 0.521039832201248,
      "bytes_per_client_round": 532,
      "elapsed_sec": 2.058340072631836
    },
    {
      "method": "qproto_full",
      "final_acc": 0.5784499999999999,
      "final_balanced_acc": 0.5819761899858394,
      "distortion_proxy": 0.0,
      "class_gap_proxy": 0.5095652938545979,
      "bytes_per_client_round": 920,
      "elapsed_sec": 2.0761446952819824
    },
    {
      "method": "no_schema",
      "final_acc": 0.45899999999999996,
      "final_balanced_acc": 0.45844511550878153,
      "distortion_proxy": 0.33424364002798845,
      "class_gap_proxy": 0.2570290082851995,
      "bytes_per_client_round": 532,
      "elapsed_sec": 1.1986088752746582
    },
    {
      "method": "wrong_schema",
      "final_acc": 0.29735000000000006,
      "final_balanced_acc": 0.2969216685797994,
      "distortion_proxy": 0.2238661130926188,
      "class_gap_proxy": 0.4070841348995651,
      "bytes_per_client_round": 916,
      "elapsed_sec": 2.09600567817688
    }
  ]
}
