{
  "method": "qproto_full",
  "final_acc": 0.7553124999999999,
  "final_balanced_acc": 0.7627785471676506,
  "distortion_proxy": 0.0,
  "class_gap_proxy": 0.4747703218390935,
  "bytes_per_client_round": 2264,
  "elapsed_sec": 0.6284573078155518
}
