{
  "method": "qproto_hop",
  "final_acc": 0.6885,
  "final_balanced_acc": 0.6849448412128035,
  "distortion_proxy": 0.0,
  "class_gap_proxy": 0.29306535705746933,
  "bytes_per_client_round": 468,
  "elapsed_sec": 2.1992580890655518
}
