{
  "method": "fedprox_forced",
  "final_acc": 0.162225,
  "final_balanced_acc": 0.15389444128496832,
  "distortion_proxy": 0.0,
  "class_gap_proxy": 0.0,
  "bytes_per_client_round": 7720,
  "elapsed_sec": 8.067410230636597
}
