{
  "method": "no_schema",
  "final_acc": 0.4097083333333334,
  "final_balanced_acc": 0.40888213581409116,
  "distortion_proxy": 0.09072327500162972,
  "class_gap_proxy": 0.1782259157582725,
  "bytes_per_client_round": 3092,
  "elapsed_sec": 14.946922302246094
}
