{
  "method": "fedavg_forced",
  "final_acc": 0.12971666666666667,
  "final_balanced_acc": 0.12953895586974232,
  "distortion_proxy": 0.0,
  "class_gap_proxy": 0.0,
  "bytes_per_client_round": 7720,
  "elapsed_sec": 14.28841257095337
}
