{
  "method": "fedadam_forced",
  "final_acc": 0.22562500000000002,
  "final_balanced_acc": 0.22045091603859235,
  "distortion_proxy": 0.0,
  "class_gap_proxy": 0.0,
  "bytes_per_client_round": 7720,
  "elapsed_sec": 8.29087519645691
}
