{
  "method": "qproto_cproto",
  "final_acc": 0.5833333333333334,
  "final_balanced_acc": 0.538729959478506,
  "distortion_proxy": 0.0,
  "class_gap_proxy": 1.075913532142313,
  "bytes_per_client_round": 276,
  "elapsed_sec": 0.02277398109436035
}
