{
  "method": "qproto_full",
  "final_acc": 0.44125000000000003,
  "final_balanced_acc": 0.44106934518454083,
  "distortion_proxy": 0.0,
  "class_gap_proxy": 0.24114035822295066,
  "bytes_per_client_round": 4632,
  "elapsed_sec": 12.66868281364441
}
