{
  "method": "no_schema",
  "final_acc": 0.3970416666666667,
  "final_balanced_acc": 0.4006788637743048,
  "distortion_proxy": 0.25625200908768336,
  "class_gap_proxy": 0.22574812186746454,
  "bytes_per_client_round": 1044,
  "elapsed_sec": 1.1959819793701172
}
