{
  "method": "qproto_full",
  "final_acc": 0.723625,
  "final_balanced_acc": 0.7242479017669261,
  "distortion_proxy": 0.0,
  "class_gap_proxy": 0.24066185259842823,
  "bytes_per_client_round": 728,
  "elapsed_sec": 2.0675501823425293
}
