{
  "method": "qproto_hop",
  "final_acc": 0.5032916666666666,
  "final_balanced_acc": 0.5050729979871498,
  "distortion_proxy": 0.0,
  "class_gap_proxy": 0.2379227457602342,
  "bytes_per_client_round": 4628,
  "elapsed_sec": 23.49145817756653
}
