{
  "method": "qproto_masked",
  "final_acc": 0.58,
  "final_balanced_acc": 0.5867434210526316,
  "distortion_proxy": 0.0,
  "class_gap_proxy": 1.5447639397170558,
  "bytes_per_client_round": 404,
  "elapsed_sec": 0.018965959548950195
}
