{
  "method": "fedavg_forced",
  "final_acc": 0.20684999999999998,
  "final_balanced_acc": 0.20246780147520022,
  "distortion_proxy": 0.0,
  "class_gap_proxy": 0.0,
  "bytes_per_client_round": 7720,
  "elapsed_sec": 8.398253679275513
}
