{
  "method": "qproto_masked_hop",
  "final_acc": 0.6443500000000001,
  "final_balanced_acc": 0.6433261505292368,
  "distortion_proxy": 0.0,
  "class_gap_proxy": 6.888771046028419,
  "bytes_per_client_round": 24364,
  "elapsed_sec": 20.53702998161316
}
