{
  "method": "fedavg_forced",
  "final_acc": 0.3617916666666667,
  "final_balanced_acc": 0.35344675266254744,
  "distortion_proxy": 0.0,
  "class_gap_proxy": 0.0,
  "bytes_per_client_round": 1040,
  "elapsed_sec": 1.5377261638641357
}
