{
  "method": "feddyn_schema",
  "final_acc": 0.5081750000000002,
  "final_balanced_acc": 0.5049153483404847,
  "distortion_proxy": 0.0,
  "class_gap_proxy": 0.0,
  "bytes_per_client_round": 7720,
  "elapsed_sec": 9.562764883041382
}
