{
  "method": "fedavg_forced",
  "final_acc": 0.2589166666666667,
  "final_balanced_acc": 0.27049008560111515,
  "distortion_proxy": 0.0,
  "class_gap_proxy": 0.0,
  "bytes_per_client_round": 1040,
  "elapsed_sec": 2.6624462604522705
}
