{
  "method": "feddyn_schema",
  "final_acc": 0.24731666666666668,
  "final_balanced_acc": 0.2481632033408076,
  "distortion_proxy": 0.0,
  "class_gap_proxy": 0.0,
  "bytes_per_client_round": 7720,
  "elapsed_sec": 14.36079454421997
}
