{
  "method": "fedavg_forced",
  "final_acc": 0.29785,
  "final_balanced_acc": 0.30248088528008166,
  "distortion_proxy": 0.0,
  "class_gap_proxy": 0.0,
  "bytes_per_client_round": 3088,
  "elapsed_sec": 12.710778951644897
}
