{
  "summaries": [
    {
      "method": "qproto_proto",
      "final_acc": 0.6400625,
      "final_balanced_acc": 0.6405179650640781,
      "distortion_proxy": 0.0,
      "class_gap_proxy": 0.3310825465347959,
      "bytes_per_client_round": 788,
      "elapsed_sec": 1.6122808456420898
    }
  ]
}
