{
  "method": "fedavg_forced",
  "final_acc": 0.31233333333333335,
  "final_balanced_acc": 0.3194794959576343,
  "distortion_proxy": 0.0,
  "class_gap_proxy": 0.0,
  "bytes_per_client_round": 3088,
  "elapsed_sec": 23.84592604637146
}
