{
  "method": "shared_observable",
  "final_acc": 0.528125,
  "final_balanced_acc": 0.5088695824524312,
  "distortion_proxy": 0.9337023168180916,
  "class_gap_proxy": 0.22311721490028177,
  "bytes_per_client_round": 532,
  "elapsed_sec": 0.04012107849121094
}
