{
  "method": "fedprox_forced",
  "final_acc": 0.25879166666666664,
  "final_balanced_acc": 0.25950774453049474,
  "distortion_proxy": 0.0,
  "class_gap_proxy": 0.0,
  "bytes_per_client_round": 3088,
  "elapsed_sec": 13.491019010543823
}
