{
  "method": "shared_observable",
  "final_acc": 0.49,
  "final_balanced_acc": 0.482442645074224,
  "distortion_proxy": 0.9138799819872724,
  "class_gap_proxy": 0.2510103343597712,
  "bytes_per_client_round": 532,
  "elapsed_sec": 0.02539229393005371
}
