{
  "method": "qproto_proto",
  "final_acc": 0.830875,
  "final_balanced_acc": 0.828982795416587,
  "distortion_proxy": 0.0,
  "class_gap_proxy": 0.34832086542133284,
  "bytes_per_client_round": 1044,
  "elapsed_sec": 2.92619252204895
}
