{
  "method": "shared_observable",
  "final_acc": 0.666625,
  "final_balanced_acc": 0.6596408948179265,
  "distortion_proxy": 1.0912310191701755,
  "class_gap_proxy": 0.31133233443086544,
  "bytes_per_client_round": 7724,
  "elapsed_sec": 8.997199773788452
}
