{
  "method": "fedadam_forced",
  "final_acc": 0.16771666666666668,
  "final_balanced_acc": 0.16789545717495014,
  "distortion_proxy": 0.0,
  "class_gap_proxy": 0.0,
  "bytes_per_client_round": 7720,
  "elapsed_sec": 11.716516256332397
}
