{
  "method": "fedavg_schema",
  "final_acc": 0.4741250000000001,
  "final_balanced_acc": 0.475205889038455,
  "distortion_proxy": 0.0,
  "class_gap_proxy": 0.0,
  "bytes_per_client_round": 7720,
  "elapsed_sec": 9.07991075515747
}
