{
  "method": "fedprox_forced",
  "final_acc": 0.30566666666666664,
  "final_balanced_acc": 0.29621481122633675,
  "distortion_proxy": 0.0,
  "class_gap_proxy": 0.0,
  "bytes_per_client_round": 3088,
  "elapsed_sec": 15.616132974624634
}
