{
  "method": "wrong_schema",
  "final_acc": 0.2709499999999999,
  "final_balanced_acc": 0.2673042979629745,
  "distortion_proxy": 0.39126419269740337,
  "class_gap_proxy": 0.2782650408503627,
  "bytes_per_client_round": 4628,
  "elapsed_sec": 16.572134256362915
}
