{
  "method": "qproto_full",
  "final_acc": 0.5285833333333334,
  "final_balanced_acc": 0.5310929629219371,
  "distortion_proxy": 0.0,
  "class_gap_proxy": 0.4859909262243322,
  "bytes_per_client_round": 1432,
  "elapsed_sec": 1.7558934688568115
}
