{
  "method": "fedadam_schema",
  "final_acc": 0.24240000000000003,
  "final_balanced_acc": 0.23989019443437104,
  "distortion_proxy": 0.0,
  "class_gap_proxy": 0.0,
  "bytes_per_client_round": 7720,
  "elapsed_sec": 6.207370042800903
}
