{
  "summaries": [
    {
      "method": "qproto_proto",
      "final_acc": 0.5658000000000001,
      "final_balanced_acc": 0.5668919931878533,
      "distortion_proxy": 0.0,
      "class_gap_proxy": 0.49179863842532684,
      "bytes_per_client_round": 1044,
      "elapsed_sec": 2.285137414932251
    },
    {
      "method": "qproto_full",
      "final_acc": 0.5848000000000001,
      "final_balanced_acc": 0.5852845932681063,
      "distortion_proxy": 0.0,
      "class_gap_proxy": 0.47632566493844913,
      "bytes_per_client_round": 1432,
      "elapsed_sec": 2.2168195247650146
    },
    {
      "method": "no_schema",
      "final_acc": 0.3428,
      "final_balanced_acc": 0.3437045198060688,
      "distortion_proxy": 0.29643194655859906,
      "class_gap_proxy": 0.28804830349268684,
      "bytes_per_client_round": 1044,
      "elapsed_sec": 1.463435411453247
    },
    {
      "method": "wrong_schema",
      "final_acc": 0.29175,
      "final_balanced_acc": 0.2939951476723376,
      "distortion_proxy": 0.12482542111329144,
      "class_gap_proxy": 0.4299980373294568,
      "bytes_per_client_round": 1428,
      "elapsed_sec": 2.1521613597869873
    }
  ]
}
