{
  "method": "qproto_cproto",
  "final_acc": 0.45438333333333336,
  "final_balanced_acc": 0.45396107080018266,
  "distortion_proxy": 0.0,
  "class_gap_proxy": 2.7807423730388896,
  "bytes_per_client_round": 10284,
  "elapsed_sec": 17.676636695861816
}
