{
  "method": "fedprox_forced",
  "final_acc": 0.12925000000000003,
  "final_balanced_acc": 0.12907883245013083,
  "distortion_proxy": 0.0,
  "class_gap_proxy": 0.0,
  "bytes_per_client_round": 7720,
  "elapsed_sec": 14.101021528244019
}
