{
  "method": "wrong_schema",
  "final_acc": 0.2507,
  "final_balanced_acc": 0.25248156114455883,
  "distortion_proxy": 0.40629758361423557,
  "class_gap_proxy": 0.2721785538983073,
  "bytes_per_client_round": 4628,
  "elapsed_sec": 6.069053411483765
}
