{
  "method": "wrong_schema",
  "final_acc": 0.2616,
  "final_balanced_acc": 0.2599450551477936,
  "distortion_proxy": 0.4025014222217751,
  "class_gap_proxy": 0.26214803857575375,
  "bytes_per_client_round": 4628,
  "elapsed_sec": 16.95493507385254
}
