{
  "summaries": [
    {
      "method": "qproto_full",
      "final_acc": 0.49349999999999994,
      "final_balanced_acc": 0.4943251053215921,
      "distortion_proxy": 0.0,
      "class_gap_proxy": 0.5406402680252285,
      "bytes_per_client_round": 1048,
      "elapsed_sec": 0.2657489776611328
    },
    {
      "method": "no_schema",
      "final_acc": 0.42925,
      "final_balanced_acc": 0.43210164103967996,
      "distortion_proxy": 0.3454792555979305,
      "class_gap_proxy": 0.47559340054449856,
      "bytes_per_client_round": 788,
      "elapsed_sec": 0.21185660362243652
    },
    {
      "method": "wrong_schema",
      "final_acc": 0.3825,
      "final_balanced_acc": 0.38224650575656643,
      "distortion_proxy": 0.13297302560704471,
      "class_gap_proxy": 0.6237585081445153,
      "bytes_per_client_round": 1044,
      "elapsed_sec": 0.24643230438232422
    }
  ]
}
