{
  "method": "fedavg_schema",
  "final_acc": 0.5100999999999999,
  "final_balanced_acc": 0.5061957692340756,
  "distortion_proxy": 0.0,
  "class_gap_proxy": 0.0,
  "bytes_per_client_round": 7720,
  "elapsed_sec": 8.309326887130737
}
