{
  "method": "qproto_hop",
  "final_acc": 0.8154166666666667,
  "final_balanced_acc": 0.8150251057863164,
  "distortion_proxy": 0.0,
  "class_gap_proxy": 0.3127991481307777,
  "bytes_per_client_round": 2260,
  "elapsed_sec": 2.0318939685821533
}
