{
  "method": "wrong_schema",
  "final_acc": 0.30166666666666664,
  "final_balanced_acc": 0.3021389358304317,
  "distortion_proxy": 0.15122434614622746,
  "class_gap_proxy": 0.4294680245810152,
  "bytes_per_client_round": 1428,
  "elapsed_sec": 1.7931253910064697
}
