{
  "method": "fedavg_forced",
  "final_acc": 0.24758333333333332,
  "final_balanced_acc": 0.2585301899266506,
  "distortion_proxy": 0.0,
  "class_gap_proxy": 0.0,
  "bytes_per_client_round": 1040,
  "elapsed_sec": 2.383836269378662
}
