{
  "summaries": [
    {
      "method": "qproto_proto",
      "final_acc": 0.45780000000000004,
      "final_balanced_acc": 0.4593064377349667,
      "distortion_proxy": 0.0,
      "class_gap_proxy": 0.23553507779041574,
      "bytes_per_client_round": 3092,
      "elapsed_sec": 14.730969190597534
    }
  ]
}
