{
  "method": "qproto_cproto",
  "final_acc": 0.585,
  "final_balanced_acc": 0.5714893375680581,
  "distortion_proxy": 0.0,
  "class_gap_proxy": 1.1955767787963494,
  "bytes_per_client_round": 276,
  "elapsed_sec": 0.019215822219848633
}
