{
  "method": "qproto_cproto",
  "final_acc": 0.4420666666666667,
  "final_balanced_acc": 0.4415120306347295,
  "distortion_proxy": 0.0,
  "class_gap_proxy": 1.9764739525932409,
  "bytes_per_client_round": 5164,
  "elapsed_sec": 16.047527551651
}
