{
  "method": "fedprox_forced",
  "final_acc": 0.28575,
  "final_balanced_acc": 0.29684438728525053,
  "distortion_proxy": 0.0,
  "class_gap_proxy": 0.0,
  "bytes_per_client_round": 1040,
  "elapsed_sec": 2.3781228065490723
}
