{
  "method": "qproto_masked_hop",
  "final_acc": 0.4629333333333333,
  "final_balanced_acc": 0.46532519006777695,
  "distortion_proxy": 0.0,
  "class_gap_proxy": 2.2620925721760208,
  "bytes_per_client_round": 24364,
  "elapsed_sec": 18.560606956481934
}
