{
  "method": "no_schema",
  "final_acc": 0.3115,
  "final_balanced_acc": 0.31177289178195056,
  "distortion_proxy": 0.35210488584355376,
  "class_gap_proxy": 0.21835107586564262,
  "bytes_per_client_round": 276,
  "elapsed_sec": 0.9086570739746094
}
