{
  "method": "no_schema",
  "final_acc": 0.4242916666666667,
  "final_balanced_acc": 0.421644993810865,
  "distortion_proxy": 0.11208126433266377,
  "class_gap_proxy": 0.15306542279765417,
  "bytes_per_client_round": 3092,
  "elapsed_sec": 5.014141082763672
}
