{
  "method": "qproto_masked",
  "final_acc": 0.7181249999999999,
  "final_balanced_acc": 0.7014198268693949,
  "distortion_proxy": 0.0,
  "class_gap_proxy": 2.7760549615503383,
  "bytes_per_client_round": 1940,
  "elapsed_sec": 0.3900609016418457
}
