{
  "method": "qproto_hop",
  "final_acc": 0.5592083333333334,
  "final_balanced_acc": 0.5614284220444935,
  "distortion_proxy": 0.0,
  "class_gap_proxy": 0.5165556146188871,
  "bytes_per_client_round": 1428,
  "elapsed_sec": 2.015441417694092
}
