{
  "method": "qproto_masked_hop",
  "final_acc": 0.5599999999999999,
  "final_balanced_acc": 0.5592356013551666,
  "distortion_proxy": 0.0,
  "class_gap_proxy": 1.6735589040325332,
  "bytes_per_client_round": 660,
  "elapsed_sec": 0.025551795959472656
}
