{
  "method": "fedavg_forced",
  "final_acc": 0.180725,
  "final_balanced_acc": 0.17232252785664623,
  "distortion_proxy": 0.0,
  "class_gap_proxy": 0.0,
  "bytes_per_client_round": 7720,
  "elapsed_sec": 20.639718532562256
}
