{
  "method": "scaffold_schema",
  "final_acc": 0.22415,
  "final_balanced_acc": 0.22325207213811601,
  "distortion_proxy": 0.0,
  "class_gap_proxy": 0.0,
  "bytes_per_client_round": 15440,
  "elapsed_sec": 16.691542625427246
}
