{
  "method": "qproto_hop",
  "final_acc": 0.728375,
  "final_balanced_acc": 0.7265273854549998,
  "distortion_proxy": 0.0,
  "class_gap_proxy": 0.3181731800545855,
  "bytes_per_client_round": 1236,
  "elapsed_sec": 2.6966211795806885
}
