{
  "method": "no_schema",
  "final_acc": 0.363125,
  "final_balanced_acc": 0.363125,
  "distortion_proxy": 0.2497229685552868,
  "class_gap_proxy": 0.11898584441032944,
  "bytes_per_client_round": 1556,
  "elapsed_sec": 0.33054113388061523
}
