{
  "summaries": [
    {
      "method": "qproto_full",
      "final_acc": 0.6811666666666667,
      "final_balanced_acc": 0.6791531041119823,
      "distortion_proxy": 0.0,
      "class_gap_proxy": 0.3666702820513361,
      "bytes_per_client_round": 4632,
      "elapsed_sec": 21.39128279685974
    },
    {
      "method": "qproto_proto",
      "final_acc": 0.6842500000000001,
      "final_balanced_acc": 0.683105640881942,
      "distortion_proxy": 0.0,
      "class_gap_proxy": 0.3391782560294571,
      "bytes_per_client_round": 3092,
      "elapsed_sec": 19.024778366088867
    }
  ]
}
