{
  "method": "qproto_masked_hop",
  "final_acc": 0.615,
  "final_balanced_acc": 0.5990960699161698,
  "distortion_proxy": 0.0,
  "class_gap_proxy": 1.5838382256502577,
  "bytes_per_client_round": 660,
  "elapsed_sec": 0.02227020263671875
}
