{
  "method": "qproto_chop",
  "final_acc": 0.56,
  "final_balanced_acc": 0.5738771971788277,
  "distortion_proxy": 0.0,
  "class_gap_proxy": 1.3968525844806312,
  "bytes_per_client_round": 532,
  "elapsed_sec": 0.025604724884033203
}
