{
  "method": "no_schema",
  "final_acc": 0.16460000000000002,
  "final_balanced_acc": 0.16429760396143506,
  "distortion_proxy": 0.16859719487653196,
  "class_gap_proxy": 0.12098995020922601,
  "bytes_per_client_round": 7724,
  "elapsed_sec": 11.894927978515625
}
