{
  "method": "wrong_schema",
  "final_acc": 0.2794583333333333,
  "final_balanced_acc": 0.2813928412036131,
  "distortion_proxy": 0.20915532923131597,
  "class_gap_proxy": 0.40945055777223,
  "bytes_per_client_round": 1428,
  "elapsed_sec": 1.7027866840362549
}
