{
  "method": "scaffold_schema",
  "final_acc": 0.24837499999999996,
  "final_balanced_acc": 0.2552686352915889,
  "distortion_proxy": 0.0,
  "class_gap_proxy": 0.0,
  "bytes_per_client_round": 15440,
  "elapsed_sec": 12.658329963684082
}
