{
  "method": "qproto_full",
  "final_acc": 0.53075,
  "final_balanced_acc": 0.5276521037105323,
  "distortion_proxy": 0.0,
  "class_gap_proxy": 0.4107120656011849,
  "bytes_per_client_round": 1432,
  "elapsed_sec": 3.384953260421753
}
