{
  "method": "fedproto_schema",
  "final_acc": 0.15876666666666667,
  "final_balanced_acc": 0.15827199687483445,
  "distortion_proxy": 0.0,
  "class_gap_proxy": 0.24612622525464742,
  "bytes_per_client_round": 7724,
  "elapsed_sec": 13.857837677001953
}
