{
  "method": "centralized_qproto",
  "final_acc": 0.6779166666666667,
  "final_balanced_acc": 0.6744655178987483,
  "distortion_proxy": 0.0,
  "class_gap_proxy": 0.3760073241447008,
  "bytes_per_client_round": 0,
  "elapsed_sec": 18.31430411338806
}
