{
  "method": "qproto_masked_hop",
  "final_acc": 0.6737000000000002,
  "final_balanced_acc": 0.6762804382803701,
  "distortion_proxy": 0.0,
  "class_gap_proxy": 7.177337663231233,
  "bytes_per_client_round": 24364,
  "elapsed_sec": 10.404936790466309
}
