{
  "method": "fedavg_forced",
  "final_acc": 0.4078333333333333,
  "final_balanced_acc": 0.40207630949526596,
  "distortion_proxy": 0.0,
  "class_gap_proxy": 0.0,
  "bytes_per_client_round": 1040,
  "elapsed_sec": 2.326997995376587
}
