{
  "method": "qproto_proto",
  "final_acc": 0.5306249999999999,
  "final_balanced_acc": 0.5350188543490378,
  "distortion_proxy": 0.0,
  "class_gap_proxy": 0.5468328955086615,
  "bytes_per_client_round": 1044,
  "elapsed_sec": 2.84391188621521
}
