{
  "method": "qproto_proto",
  "final_acc": 0.7384166666666667,
  "final_balanced_acc": 0.7398746040572837,
  "distortion_proxy": 0.0,
  "class_gap_proxy": 0.3916238971199552,
  "bytes_per_client_round": 3092,
  "elapsed_sec": 29.132159948349
}
