{
  "method": "qproto_full",
  "final_acc": 0.45759999999999995,
  "final_balanced_acc": 0.4585853500804385,
  "distortion_proxy": 0.0,
  "class_gap_proxy": 0.265946327985858,
  "bytes_per_client_round": 4632,
  "elapsed_sec": 15.32554578781128
}
