{
  "method": "fedadam_forced",
  "final_acc": 0.22775000000000004,
  "final_balanced_acc": 0.22297831005944788,
  "distortion_proxy": 0.0,
  "class_gap_proxy": 0.0,
  "bytes_per_client_round": 7720,
  "elapsed_sec": 14.795608758926392
}
