{
  "method": "fedadam_schema",
  "final_acc": 0.46825,
  "final_balanced_acc": 0.46005305812657077,
  "distortion_proxy": 0.0,
  "class_gap_proxy": 0.0,
  "bytes_per_client_round": 7720,
  "elapsed_sec": 12.766101837158203
}
