{
  "method": "fedprox_forced",
  "final_acc": 0.4144166666666667,
  "final_balanced_acc": 0.41787936372147644,
  "distortion_proxy": 0.0,
  "class_gap_proxy": 0.0,
  "bytes_per_client_round": 1040,
  "elapsed_sec": 2.4779083728790283
}
