{
  "method": "fedprox_forced",
  "final_acc": 0.19685000000000002,
  "final_balanced_acc": 0.20471130832900436,
  "distortion_proxy": 0.0,
  "class_gap_proxy": 0.0,
  "bytes_per_client_round": 7720,
  "elapsed_sec": 15.209829568862915
}
