{
  "method": "fedprox_forced",
  "final_acc": 0.7490625,
  "final_balanced_acc": 0.7576396257022201,
  "distortion_proxy": 0.0,
  "class_gap_proxy": 0.0,
  "bytes_per_client_round": 1552,
  "elapsed_sec": 1.0131220817565918
}
