{
  "method": "qproto_masked_hop",
  "final_acc": 0.7364999999999999,
  "final_balanced_acc": 0.7288802446471144,
  "distortion_proxy": 0.0,
  "class_gap_proxy": 2.7167244757151017,
  "bytes_per_client_round": 2708,
  "elapsed_sec": 0.7272419929504395
}
