{
  "method": "qproto_proto",
  "final_acc": 0.4883,
  "final_balanced_acc": 0.4876292393190235,
  "distortion_proxy": 0.0,
  "class_gap_proxy": 0.26295057360582047,
  "bytes_per_client_round": 3092,
  "elapsed_sec": 5.600037097930908
}
