{
  "method": "qproto_chop",
  "final_acc": 0.591125,
  "final_balanced_acc": 0.591125,
  "distortion_proxy": 0.0,
  "class_gap_proxy": 0.9591904207899349,
  "bytes_per_client_round": 3092,
  "elapsed_sec": 0.7635743618011475
}
