{
  "method": "qproto_cproto",
  "final_acc": 0.6414249999999999,
  "final_balanced_acc": 0.6404718931792265,
  "distortion_proxy": 0.0,
  "class_gap_proxy": 5.269281077979693,
  "bytes_per_client_round": 10284,
  "elapsed_sec": 15.298232555389404
}
