{
  "method": "no_schema",
  "final_acc": 0.41204166666666675,
  "final_balanced_acc": 0.4098861559881145,
  "distortion_proxy": 0.419790725447992,
  "class_gap_proxy": 0.27533256522268096,
  "bytes_per_client_round": 1044,
  "elapsed_sec": 1.0881133079528809
}
