{
  "method": "qproto_full",
  "final_acc": 0.6930416666666666,
  "final_balanced_acc": 0.6957742038276188,
  "distortion_proxy": 0.0,
  "class_gap_proxy": 0.41561472797581006,
  "bytes_per_client_round": 1432,
  "elapsed_sec": 3.80112361907959
}
