{
  "method": "fedavg_forced",
  "final_acc": 0.30312500000000003,
  "final_balanced_acc": 0.3218470765345765,
  "distortion_proxy": 0.0,
  "class_gap_proxy": 0.0,
  "bytes_per_client_round": 400,
  "elapsed_sec": 0.028917551040649414
}
