{
  "method": "qproto_hop",
  "final_acc": 0.791,
  "final_balanced_acc": 0.7881335971649952,
  "distortion_proxy": 0.0,
  "class_gap_proxy": 0.29306535705746933,
  "bytes_per_client_round": 2260,
  "elapsed_sec": 3.3239901065826416
}
