{
  "method": "fedavg_schema",
  "final_acc": 0.13104999999999997,
  "final_balanced_acc": 0.11069038029606919,
  "distortion_proxy": 0.0,
  "class_gap_proxy": 0.0,
  "bytes_per_client_round": 7720,
  "elapsed_sec": 10.036115884780884
}
