{
  "method": "qproto_cproto",
  "final_acc": 0.9052083333333333,
  "final_balanced_acc": 0.903392094017094,
  "distortion_proxy": 0.0,
  "class_gap_proxy": 2.7222375079134147,
  "bytes_per_client_round": 404,
  "elapsed_sec": 0.02069830894470215
}
