{
  "summaries": [
    {
      "method": "qproto_proto",
      "final_acc": 0.7165625,
      "final_balanced_acc": 0.7151565106153908,
      "distortion_proxy": 0.0,
      "class_gap_proxy": 0.327022885968872,
      "bytes_per_client_round": 1556,
      "elapsed_sec": 1.9002580642700195
    }
  ]
}
