{
  "method": "wrong_schema",
  "final_acc": 0.29650000000000004,
  "final_balanced_acc": 0.29734744094077503,
  "distortion_proxy": 0.1488803721729864,
  "class_gap_proxy": 0.2693247814225493,
  "bytes_per_client_round": 1428,
  "elapsed_sec": 3.1542508602142334
}
