{
  "method": "fedavg_forced",
  "final_acc": 0.13271666666666665,
  "final_balanced_acc": 0.13449953912112966,
  "distortion_proxy": 0.0,
  "class_gap_proxy": 0.0,
  "bytes_per_client_round": 7720,
  "elapsed_sec": 12.09403657913208
}
