{
  "method": "qproto_chop",
  "final_acc": 0.64125,
  "final_balanced_acc": 0.6271845427145449,
  "distortion_proxy": 0.0,
  "class_gap_proxy": 1.3313591198865478,
  "bytes_per_client_round": 532,
  "elapsed_sec": 0.024585723876953125
}
