{
  "method": "fedadam_schema",
  "final_acc": 0.49269999999999997,
  "final_balanced_acc": 0.48412111305851013,
  "distortion_proxy": 0.0,
  "class_gap_proxy": 0.0,
  "bytes_per_client_round": 7720,
  "elapsed_sec": 12.18079924583435
}
