{
  "method": "qproto_full",
  "final_acc": 0.5075999999999999,
  "final_balanced_acc": 0.5055902240348296,
  "distortion_proxy": 0.0,
  "class_gap_proxy": 0.49437023289187065,
  "bytes_per_client_round": 664,
  "elapsed_sec": 1.8635203838348389
}
