{
  "method": "qproto_cproto",
  "final_acc": 0.24025000000000002,
  "final_balanced_acc": 0.24025000000000002,
  "distortion_proxy": 0.0,
  "class_gap_proxy": 0.3654687964195875,
  "bytes_per_client_round": 276,
  "elapsed_sec": 0.3186533451080322
}
