{
  "method": "wrong_schema",
  "final_acc": 0.289125,
  "final_balanced_acc": 0.2892913764455511,
  "distortion_proxy": 0.1425037893731817,
  "class_gap_proxy": 0.6203127057319922,
  "bytes_per_client_round": 1428,
  "elapsed_sec": 3.233750820159912
}
