{
  "method": "qproto_cproto",
  "final_acc": 0.6840499999999999,
  "final_balanced_acc": 0.6790346474341976,
  "distortion_proxy": 0.0,
  "class_gap_proxy": 2.809726785532364,
  "bytes_per_client_round": 7724,
  "elapsed_sec": 12.85320520401001
}
