{
  "method": "qproto_proto",
  "final_acc": 0.33229166666666665,
  "final_balanced_acc": 0.33010625404007754,
  "distortion_proxy": 0.0,
  "class_gap_proxy": 0.3752965420157864,
  "bytes_per_client_round": 532,
  "elapsed_sec": 0.0362553596496582
}
