{
  "method": "fedproto_schema",
  "final_acc": 0.22010000000000002,
  "final_balanced_acc": 0.22000207863912924,
  "distortion_proxy": 0.0,
  "class_gap_proxy": 0.23743227342375775,
  "bytes_per_client_round": 7724,
  "elapsed_sec": 12.576225519180298
}
