{
  "method": "qproto_full",
  "final_acc": 0.7967500000000001,
  "final_balanced_acc": 0.7966388511814328,
  "distortion_proxy": 0.0,
  "class_gap_proxy": 0.31379157559935855,
  "bytes_per_client_round": 2264,
  "elapsed_sec": 3.3274526596069336
}
