{
  "method": "qproto_chop",
  "final_acc": 0.675625,
  "final_balanced_acc": 0.675625,
  "distortion_proxy": 0.0,
  "class_gap_proxy": 0.18790640797137725,
  "bytes_per_client_round": 1812,
  "elapsed_sec": 0.41673922538757324
}
