{
  "method": "feddyn_schema",
  "final_acc": 0.3578125,
  "final_balanced_acc": 0.38647627019557823,
  "distortion_proxy": 0.0,
  "class_gap_proxy": 0.0,
  "bytes_per_client_round": 528,
  "elapsed_sec": 0.0411221981048584
}
