{
  "method": "qproto_chop",
  "final_acc": 0.714175,
  "final_balanced_acc": 0.7096326925473113,
  "distortion_proxy": 0.0,
  "class_gap_proxy": 2.7967335048368756,
  "bytes_per_client_round": 11564,
  "elapsed_sec": 11.325706720352173
}
