{
  "method": "qproto_full",
  "final_acc": 0.6805555555555557,
  "final_balanced_acc": 0.6816721783403121,
  "distortion_proxy": 0.0,
  "class_gap_proxy": 0.41099168880284465,
  "bytes_per_client_round": 1112,
  "elapsed_sec": 0.3355448246002197
}
