{
  "method": "fedprox_forced",
  "final_acc": 0.16670000000000001,
  "final_balanced_acc": 0.14948005980133244,
  "distortion_proxy": 0.0,
  "class_gap_proxy": 0.0,
  "bytes_per_client_round": 7720,
  "elapsed_sec": 12.247478485107422
}
