{
  "method": "wrong_schema",
  "final_acc": 0.2348333333333333,
  "final_balanced_acc": 0.23701275214711295,
  "distortion_proxy": 0.15024966580011717,
  "class_gap_proxy": 0.4941407810725084,
  "bytes_per_client_round": 1428,
  "elapsed_sec": 3.158226251602173
}
