{
  "method": "fedavg_forced",
  "final_acc": 0.320625,
  "final_balanced_acc": 0.32480937746201705,
  "distortion_proxy": 0.0,
  "class_gap_proxy": 0.0,
  "bytes_per_client_round": 1040,
  "elapsed_sec": 2.4574105739593506
}
