{
  "method": "wrong_schema",
  "final_acc": 0.2501,
  "final_balanced_acc": 0.25188495851513354,
  "distortion_proxy": 0.40629758361423557,
  "class_gap_proxy": 0.2701831614867021,
  "bytes_per_client_round": 4628,
  "elapsed_sec": 16.76172137260437
}
