{
  "method": "no_schema",
  "final_acc": 0.36779166666666663,
  "final_balanced_acc": 0.3692260777136042,
  "distortion_proxy": 0.280031647708081,
  "class_gap_proxy": 0.22336589625326075,
  "bytes_per_client_round": 1044,
  "elapsed_sec": 1.0641491413116455
}
