{
  "method": "fedproto_schema",
  "final_acc": 0.44625000000000004,
  "final_balanced_acc": 0.4478744939271255,
  "distortion_proxy": 0.0,
  "class_gap_proxy": 0.2970453201972339,
  "bytes_per_client_round": 532,
  "elapsed_sec": 0.01945972442626953
}
