{
  "method": "scaffold_schema",
  "final_acc": 0.24392500000000003,
  "final_balanced_acc": 0.22454803945620663,
  "distortion_proxy": 0.0,
  "class_gap_proxy": 0.0,
  "bytes_per_client_round": 15440,
  "elapsed_sec": 10.731297969818115
}
