{
  "method": "qproto_cproto",
  "final_acc": 0.433875,
  "final_balanced_acc": 0.433875,
  "distortion_proxy": 0.0,
  "class_gap_proxy": 0.6813997665563845,
  "bytes_per_client_round": 788,
  "elapsed_sec": 0.39106130599975586
}
