{
  "method": "qproto_proto",
  "final_acc": 0.6589583333333333,
  "final_balanced_acc": 0.6621547775210516,
  "distortion_proxy": 0.0,
  "class_gap_proxy": 0.3961891889969685,
  "bytes_per_client_round": 1044,
  "elapsed_sec": 3.1266026496887207
}
