{
  "method": "qproto_cproto",
  "final_acc": 0.7243250000000001,
  "final_balanced_acc": 0.7185557850682907,
  "distortion_proxy": 0.0,
  "class_gap_proxy": 2.6358786695092253,
  "bytes_per_client_round": 7724,
  "elapsed_sec": 9.679373741149902
}
