{
  "summaries": [
    {
      "method": "qproto_full",
      "final_acc": 0.58775,
      "final_balanced_acc": 0.5926441910565694,
      "distortion_proxy": 0.0,
      "class_gap_proxy": 0.487378959292095,
      "bytes_per_client_round": 1432,
      "elapsed_sec": 2.272242546081543
    },
    {
      "method": "wrong_schema",
      "final_acc": 0.3180833333333333,
      "final_balanced_acc": 0.3216879319836803,
      "distortion_proxy": 0.1330710759750787,
      "class_gap_proxy": 0.41090986466378654,
      "bytes_per_client_round": 1428,
      "elapsed_sec": 2.08282208442688
    },
    {
      "method": "no_schema",
      "final_acc": 0.4234583333333334,
      "final_balanced_acc": 0.42364538425709564,
      "distortion_proxy": 0.32865739384389925,
      "class_gap_proxy": 0.27827473021804155,
      "bytes_per_client_round": 1044,
      "elapsed_sec": 1.3287873268127441
    },
    {
      "method": "forced_canonical",
      "final_acc": 0.42737500000000006,
      "final_balanced_acc": 0.4257343042479049,
      "distortion_proxy": 0.29770415479563683,
      "class_gap_proxy": 0.32515766849978883,
      "bytes_per_client_round": 1044,
      "elapsed_sec": 1.8511500358581543
    }
  ]
}
