{
  "method": "fedadam_forced",
  "final_acc": 0.17286666666666667,
  "final_balanced_acc": 0.1731693627448957,
  "distortion_proxy": 0.0,
  "class_gap_proxy": 0.0,
  "bytes_per_client_round": 7720,
  "elapsed_sec": 12.699200630187988
}
