{
  "method": "schema_mask_only",
  "final_acc": 0.09822499999999999,
  "final_balanced_acc": 0.10000000000000002,
  "distortion_proxy": 0.0842096151203757,
  "class_gap_proxy": 0.24599044015405108,
  "bytes_per_client_round": 7724,
  "elapsed_sec": 19.859313249588013
}
