{
  "method": "qproto_proto",
  "final_acc": 0.7095625,
  "final_balanced_acc": 0.7091685631118915,
  "distortion_proxy": 0.0,
  "class_gap_proxy": 0.3058666778040629,
  "bytes_per_client_round": 1556,
  "elapsed_sec": 1.961740255355835
}
