{
  "method": "fedprox_schema",
  "final_acc": 0.30475,
  "final_balanced_acc": 0.30474999999999997,
  "distortion_proxy": 0.0,
  "class_gap_proxy": 0.0,
  "bytes_per_client_round": 1552,
  "elapsed_sec": 0.6720736026763916
}
