{
  "method": "shared_observable",
  "final_acc": 0.4457833333333333,
  "final_balanced_acc": 0.4444040356467819,
  "distortion_proxy": 0.0,
  "class_gap_proxy": 0.2768542151866358,
  "bytes_per_client_round": 7724,
  "elapsed_sec": 17.260867834091187
}
