{
  "method": "qproto_proto",
  "final_acc": 0.3887083333333333,
  "final_balanced_acc": 0.38846384836655024,
  "distortion_proxy": 0.0,
  "class_gap_proxy": 0.26458502136413314,
  "bytes_per_client_round": 3092,
  "elapsed_sec": 22.848656177520752
}
