{
  "method": "fedadam_schema",
  "final_acc": 0.39404999999999996,
  "final_balanced_acc": 0.39574922586023514,
  "distortion_proxy": 0.0,
  "class_gap_proxy": 0.0,
  "bytes_per_client_round": 7720,
  "elapsed_sec": 6.231138706207275
}
