{
  "method": "schema_mask_only",
  "final_acc": 0.10024999999999999,
  "final_balanced_acc": 0.10000000000000002,
  "distortion_proxy": 0.09754639008660973,
  "class_gap_proxy": 0.2656545292928407,
  "bytes_per_client_round": 7724,
  "elapsed_sec": 21.522623777389526
}
