{
  "method": "qproto_proto",
  "final_acc": 0.46615,
  "final_balanced_acc": 0.46747623215833267,
  "distortion_proxy": 0.0,
  "class_gap_proxy": 0.24155508067193057,
  "bytes_per_client_round": 3092,
  "elapsed_sec": 12.608722448348999
}
