{
  "method": "fedavg_forced",
  "final_acc": 0.394125,
  "final_balanced_acc": 0.37328963740571364,
  "distortion_proxy": 0.0,
  "class_gap_proxy": 0.0,
  "bytes_per_client_round": 1552,
  "elapsed_sec": 0.28438425064086914
}
