{
  "method": "fedprox_forced",
  "final_acc": 0.33091666666666664,
  "final_balanced_acc": 0.3222118097368366,
  "distortion_proxy": 0.0,
  "class_gap_proxy": 0.0,
  "bytes_per_client_round": 1040,
  "elapsed_sec": 2.3404228687286377
}
