{
  "method": "fedavg_forced",
  "final_acc": 0.11692499999999999,
  "final_balanced_acc": 0.10234531569731872,
  "distortion_proxy": 0.0,
  "class_gap_proxy": 0.0,
  "bytes_per_client_round": 7720,
  "elapsed_sec": 6.909044981002808
}
