{
  "method": "qproto_masked",
  "final_acc": 0.5774999999999999,
  "final_balanced_acc": 0.578983636977058,
  "distortion_proxy": 0.0,
  "class_gap_proxy": 1.527747069418333,
  "bytes_per_client_round": 404,
  "elapsed_sec": 0.02093982696533203
}
