{
  "method": "qproto_full",
  "final_acc": 0.513,
  "final_balanced_acc": 0.5118106145838811,
  "distortion_proxy": 0.0,
  "class_gap_proxy": 0.2618323922030467,
  "bytes_per_client_round": 4632,
  "elapsed_sec": 17.796169757843018
}
