{
  "method": "qproto_masked_hop",
  "final_acc": 0.5677083333333333,
  "final_balanced_acc": 0.5745790239172592,
  "distortion_proxy": 0.0,
  "class_gap_proxy": 1.2052234728823434,
  "bytes_per_client_round": 660,
  "elapsed_sec": 0.04065132141113281
}
