{
  "method": "qproto_cproto",
  "final_acc": 0.3615,
  "final_balanced_acc": 0.3615,
  "distortion_proxy": 0.0,
  "class_gap_proxy": 0.5462160458297984,
  "bytes_per_client_round": 788,
  "elapsed_sec": 0.3358793258666992
}
