{
  "method": "fedavg_schema",
  "final_acc": 0.371175,
  "final_balanced_acc": 0.35393369608474606,
  "distortion_proxy": 0.0,
  "class_gap_proxy": 0.0,
  "bytes_per_client_round": 7720,
  "elapsed_sec": 12.173557996749878
}
