{
  "method": "qproto_masked_hop",
  "final_acc": 0.3779166666666667,
  "final_balanced_acc": 0.38784098577657805,
  "distortion_proxy": 0.0,
  "class_gap_proxy": 1.092723231725679,
  "bytes_per_client_round": 1940,
  "elapsed_sec": 0.09704184532165527
}
