{
  "method": "qproto_full",
  "final_acc": 0.5999583333333334,
  "final_balanced_acc": 0.5956332172174166,
  "distortion_proxy": 0.0,
  "class_gap_proxy": 0.4800492956639322,
  "bytes_per_client_round": 1432,
  "elapsed_sec": 1.712658166885376
}
