{
  "method": "fedavg_schema",
  "final_acc": 0.29875,
  "final_balanced_acc": 0.29874999999999996,
  "distortion_proxy": 0.0,
  "class_gap_proxy": 0.0,
  "bytes_per_client_round": 1552,
  "elapsed_sec": 0.5823819637298584
}
