{
  "method": "fedadam_schema",
  "final_acc": 0.35602666666666666,
  "final_balanced_acc": 0.3545521138173968,
  "distortion_proxy": 0.0,
  "class_gap_proxy": 0.0,
  "bytes_per_client_round": 7720,
  "elapsed_sec": 66.55338931083679
}
