{
  "method": "fedprox_forced",
  "final_acc": 0.297375,
  "final_balanced_acc": 0.2975253681021033,
  "distortion_proxy": 0.0,
  "class_gap_proxy": 0.0,
  "bytes_per_client_round": 1040,
  "elapsed_sec": 2.4954702854156494
}
