{
  "method": "fedavg_forced",
  "final_acc": 0.12137500000000001,
  "final_balanced_acc": 0.10036764705882355,
  "distortion_proxy": 0.0,
  "class_gap_proxy": 0.0,
  "bytes_per_client_round": 7720,
  "elapsed_sec": 6.9669716358184814
}
