{
  "method": "fedprox_forced",
  "final_acc": 0.11618333333333333,
  "final_balanced_acc": 0.12123763559981815,
  "distortion_proxy": 0.0,
  "class_gap_proxy": 0.0,
  "bytes_per_client_round": 7720,
  "elapsed_sec": 12.06213903427124
}
