{
  "method": "no_schema",
  "final_acc": 0.32265,
  "final_balanced_acc": 0.32217032326003087,
  "distortion_proxy": 0.10575481075234071,
  "class_gap_proxy": 0.10915530771846153,
  "bytes_per_client_round": 3092,
  "elapsed_sec": 11.287227869033813
}
