{
  "method": "fedprox_forced",
  "final_acc": 0.3111666666666667,
  "final_balanced_acc": 0.3035670077770095,
  "distortion_proxy": 0.0,
  "class_gap_proxy": 0.0,
  "bytes_per_client_round": 1040,
  "elapsed_sec": 3.0449764728546143
}
