{
  "method": "qproto_hop",
  "final_acc": 0.6263333333333334,
  "final_balanced_acc": 0.6219571817289428,
  "distortion_proxy": 0.0,
  "class_gap_proxy": 0.4547331373540509,
  "bytes_per_client_round": 1428,
  "elapsed_sec": 3.0014846324920654
}
