{
  "method": "no_schema",
  "final_acc": 0.4107916666666666,
  "final_balanced_acc": 0.41105702741200734,
  "distortion_proxy": 0.3361874604295951,
  "class_gap_proxy": 0.2712741657072777,
  "bytes_per_client_round": 1044,
  "elapsed_sec": 1.2735989093780518
}
