{
  "method": "fedprox_forced",
  "final_acc": 0.4266666666666666,
  "final_balanced_acc": 0.4259484780827984,
  "distortion_proxy": 0.0,
  "class_gap_proxy": 0.0,
  "bytes_per_client_round": 1040,
  "elapsed_sec": 2.4480507373809814
}
