{
  "method": "fedavg_forced",
  "final_acc": 0.2948333333333334,
  "final_balanced_acc": 0.28898790384886325,
  "distortion_proxy": 0.0,
  "class_gap_proxy": 0.0,
  "bytes_per_client_round": 3088,
  "elapsed_sec": 14.864821910858154
}
