{
  "method": "qproto_full",
  "final_acc": 0.4666,
  "final_balanced_acc": 0.4679874760073882,
  "distortion_proxy": 0.0,
  "class_gap_proxy": 0.24108733377982094,
  "bytes_per_client_round": 4632,
  "elapsed_sec": 6.424104452133179
}
