{
  "method": "qproto_masked_hop",
  "final_acc": 0.6512,
  "final_balanced_acc": 0.650355611654623,
  "distortion_proxy": 0.0,
  "class_gap_proxy": 4.187669696346991,
  "bytes_per_client_round": 24364,
  "elapsed_sec": 15.896092414855957
}
