{
  "method": "fedavg_forced",
  "final_acc": 0.19929999999999998,
  "final_balanced_acc": 0.19600569430027187,
  "distortion_proxy": 0.0,
  "class_gap_proxy": 0.0,
  "bytes_per_client_round": 7720,
  "elapsed_sec": 8.503572702407837
}
