{
  "method": "qproto_cproto",
  "final_acc": 0.3541499999999999,
  "final_balanced_acc": 0.35037915647376244,
  "distortion_proxy": 0.0,
  "class_gap_proxy": 0.5947479946680068,
  "bytes_per_client_round": 1944,
  "elapsed_sec": 1.8378171920776367
}
