{
  "method": "fedadam_schema",
  "final_acc": 0.49124999999999996,
  "final_balanced_acc": 0.49253549356345405,
  "distortion_proxy": 0.0,
  "class_gap_proxy": 0.0,
  "bytes_per_client_round": 528,
  "elapsed_sec": 0.03499889373779297
}
