{
  "method": "qproto_masked",
  "final_acc": 0.5800000000000001,
  "final_balanced_acc": 0.5892428158464342,
  "distortion_proxy": 0.0,
  "class_gap_proxy": 1.793733152594936,
  "bytes_per_client_round": 404,
  "elapsed_sec": 0.020017385482788086
}
