{
  "summaries": [
    {
      "method": "qproto_masked_hop",
      "final_acc": 0.719375,
      "final_balanced_acc": 0.7080173353328978,
      "distortion_proxy": 0.0,
      "class_gap_proxy": 2.795293016328742,
      "bytes_per_client_round": 2708,
      "elapsed_sec": 0.670128345489502
    }
  ]
}
