{
  "method": "fedavg_forced",
  "final_acc": 0.15389999999999998,
  "final_balanced_acc": 0.13812527529732113,
  "distortion_proxy": 0.0,
  "class_gap_proxy": 0.0,
  "bytes_per_client_round": 7720,
  "elapsed_sec": 8.858708381652832
}
