{
  "method": "qproto_cproto",
  "final_acc": 0.7687499999999998,
  "final_balanced_acc": 0.7637275579215407,
  "distortion_proxy": 0.0,
  "class_gap_proxy": 2.7913322544834953,
  "bytes_per_client_round": 7724,
  "elapsed_sec": 8.423799276351929
}
