{
  "summaries": [
    {
      "method": "qproto_proto",
      "final_acc": 0.5674999999999999,
      "final_balanced_acc": 0.5711375157520907,
      "distortion_proxy": 0.0,
      "class_gap_proxy": 0.4330466653462916,
      "bytes_per_client_round": 532,
      "elapsed_sec": 0.022046327590942383
    },
    {
      "method": "shared_observable",
      "final_acc": 0.978125,
      "final_balanced_acc": 0.9786282076984762,
      "distortion_proxy": 0.6277435724793173,
      "class_gap_proxy": 0.30293648166327936,
      "bytes_per_client_round": 532,
      "elapsed_sec": 0.024287939071655273
    },
    {
      "method": "no_schema",
      "final_acc": 0.4525,
      "final_balanced_acc": 0.45601617351030227,
      "distortion_proxy": 0.13214791973759848,
      "class_gap_proxy": 0.33109344857577466,
      "bytes_per_client_round": 532,
      "elapsed_sec": 0.0189363956451416
    }
  ]
}
