{
  "method": "qproto_hop",
  "final_acc": 0.47791666666666666,
  "final_balanced_acc": 0.4803130492148796,
  "distortion_proxy": 0.0,
  "class_gap_proxy": 0.42321659831119773,
  "bytes_per_client_round": 1428,
  "elapsed_sec": 2.0241758823394775
}
