{
  "method": "qproto_cproto",
  "final_acc": 0.4433933333333333,
  "final_balanced_acc": 0.44329377132877296,
  "distortion_proxy": 0.0,
  "class_gap_proxy": 2.3612642782769817,
  "bytes_per_client_round": 7724,
  "elapsed_sec": 27.31970739364624
}
