{
  "method": "qproto_chop",
  "final_acc": 0.5900000000000001,
  "final_balanced_acc": 0.5877370107962214,
  "distortion_proxy": 0.0,
  "class_gap_proxy": 1.1001372106417902,
  "bytes_per_client_round": 532,
  "elapsed_sec": 0.026049137115478516
}
