{
  "method": "wrong_schema",
  "final_acc": 0.27575,
  "final_balanced_acc": 0.27575000000000005,
  "distortion_proxy": 0.4044403939799471,
  "class_gap_proxy": 0.26353256281430576,
  "bytes_per_client_round": 3092,
  "elapsed_sec": 0.7059919834136963
}
