{
  "method": "fedadam_forced",
  "final_acc": 0.17083333333333336,
  "final_balanced_acc": 0.17128651301286218,
  "distortion_proxy": 0.0,
  "class_gap_proxy": 0.0,
  "bytes_per_client_round": 7720,
  "elapsed_sec": 14.839327573776245
}
