{
  "method": "fedavg_forced",
  "final_acc": 0.28808333333333336,
  "final_balanced_acc": 0.29911486086609107,
  "distortion_proxy": 0.0,
  "class_gap_proxy": 0.0,
  "bytes_per_client_round": 1040,
  "elapsed_sec": 2.5840635299682617
}
