{
  "method": "forced_canonical",
  "final_acc": 0.21227500000000005,
  "final_balanced_acc": 0.21099944190006908,
  "distortion_proxy": 0.11064124922353971,
  "class_gap_proxy": 0.2695652738693849,
  "bytes_per_client_round": 7724,
  "elapsed_sec": 17.421051740646362
}
