{
  "method": "qproto_masked_hop",
  "final_acc": 0.7182,
  "final_balanced_acc": 0.7192574019572284,
  "distortion_proxy": 0.0,
  "class_gap_proxy": 0.833054529626083,
  "bytes_per_client_round": 5784,
  "elapsed_sec": 2.7865042686462402
}
