{
  "method": "fedavg_forced",
  "final_acc": 0.29874999999999996,
  "final_balanced_acc": 0.3034136071153737,
  "distortion_proxy": 0.0,
  "class_gap_proxy": 0.0,
  "bytes_per_client_round": 3088,
  "elapsed_sec": 13.308937311172485
}
