{
  "method": "fedadam_schema",
  "final_acc": 0.31475,
  "final_balanced_acc": 0.31028025205454995,
  "distortion_proxy": 0.0,
  "class_gap_proxy": 0.0,
  "bytes_per_client_round": 7720,
  "elapsed_sec": 6.0806684494018555
}
