{
  "method": "fedadam_schema",
  "final_acc": 0.21047500000000002,
  "final_balanced_acc": 0.21777128327887008,
  "distortion_proxy": 0.0,
  "class_gap_proxy": 0.0,
  "bytes_per_client_round": 7720,
  "elapsed_sec": 14.492450714111328
}
