{
  "method": "qproto_masked_hop",
  "final_acc": 0.712025,
  "final_balanced_acc": 0.7080199131555674,
  "distortion_proxy": 0.0,
  "class_gap_proxy": 4.7680136384254395,
  "bytes_per_client_round": 24364,
  "elapsed_sec": 11.009551048278809
}
