{
  "method": "qproto_cproto",
  "final_acc": 0.73835,
  "final_balanced_acc": 0.7344173215416563,
  "distortion_proxy": 0.0,
  "class_gap_proxy": 3.41800552134693,
  "bytes_per_client_round": 10284,
  "elapsed_sec": 12.394791603088379
}
