{
  "method": "classical_kernel",
  "final_acc": 0.4241666666666667,
  "final_balanced_acc": 0.4230819627983909,
  "distortion_proxy": 0.0,
  "class_gap_proxy": 0.08369835729445724,
  "bytes_per_client_round": 3092,
  "elapsed_sec": 2.9348843097686768
}
