{
  "summaries": [
    {
      "method": "qproto_full",
      "final_acc": 0.6484583333333334,
      "final_balanced_acc": 0.64729602854692,
      "distortion_proxy": 0.0,
      "class_gap_proxy": 0.5007900698275612,
      "bytes_per_client_round": 1432,
      "elapsed_sec": 2.1780812740325928
    },
    {
      "method": "wrong_schema",
      "final_acc": 0.30166666666666664,
      "final_balanced_acc": 0.3024369964910587,
      "distortion_proxy": 0.17007186730597643,
      "class_gap_proxy": 0.3811101750971642,
      "bytes_per_client_round": 1428,
      "elapsed_sec": 2.168262004852295
    },
    {
      "method": "no_schema",
      "final_acc": 0.39166666666666666,
      "final_balanced_acc": 0.38959978908928183,
      "distortion_proxy": 0.29731657680554907,
      "class_gap_proxy": 0.2155514070080126,
      "bytes_per_client_round": 1044,
      "elapsed_sec": 1.2872872352600098
    },
    {
      "method": "forced_canonical",
      "final_acc": 0.41291666666666665,
      "final_balanced_acc": 0.4094346192415389,
      "distortion_proxy": 0.3378210996767067,
      "class_gap_proxy": 0.23165911905268263,
      "bytes_per_client_round": 1044,
      "elapsed_sec": 1.8015668392181396
    }
  ]
}
