{
  "method": "no_schema",
  "final_acc": 0.4683750000000001,
  "final_balanced_acc": 0.4644857836967047,
  "distortion_proxy": 0.27609316319258037,
  "class_gap_proxy": 0.25941401552124366,
  "bytes_per_client_round": 1044,
  "elapsed_sec": 2.4882941246032715
}
