{
  "method": "scaffold_schema",
  "final_acc": 0.40582499999999994,
  "final_balanced_acc": 0.40681544182249524,
  "distortion_proxy": 0.0,
  "class_gap_proxy": 0.0,
  "bytes_per_client_round": 15440,
  "elapsed_sec": 13.472072124481201
}
