{
  "method": "fedavg_schema",
  "final_acc": 0.29434999999999995,
  "final_balanced_acc": 0.28768297353837596,
  "distortion_proxy": 0.0,
  "class_gap_proxy": 0.0,
  "bytes_per_client_round": 7720,
  "elapsed_sec": 8.156601667404175
}
