{
  "method": "qproto_proto",
  "final_acc": 0.72075,
  "final_balanced_acc": 0.7219665800338214,
  "distortion_proxy": 0.0,
  "class_gap_proxy": 0.39207787532474364,
  "bytes_per_client_round": 3092,
  "elapsed_sec": 19.595319509506226
}
