{
  "method": "fedadam_schema",
  "final_acc": 0.5234375,
  "final_balanced_acc": 0.5367306087546959,
  "distortion_proxy": 0.0,
  "class_gap_proxy": 0.0,
  "bytes_per_client_round": 528,
  "elapsed_sec": 0.05959033966064453
}
