{
  "summaries": [
    {
      "method": "qproto_cproto",
      "final_acc": 0.41574999999999995,
      "final_balanced_acc": 0.41575000000000006,
      "distortion_proxy": 0.0,
      "class_gap_proxy": 0.2056955947721187,
      "bytes_per_client_round": 276,
      "elapsed_sec": 0.311260461807251
    },
    {
      "method": "qproto_chop",
      "final_acc": 0.669,
      "final_balanced_acc": 0.669,
      "distortion_proxy": 0.0,
      "class_gap_proxy": 0.2056955947721187,
      "bytes_per_client_round": 1812,
      "elapsed_sec": 0.3900635242462158
    }
  ]
}
