{
  "method": "fedavg_forced",
  "final_acc": 0.30569999999999997,
  "final_balanced_acc": 0.30531566725610476,
  "distortion_proxy": 0.0,
  "class_gap_proxy": 0.0,
  "bytes_per_client_round": 3088,
  "elapsed_sec": 9.388875961303711
}
