{
  "method": "fedprox_forced",
  "final_acc": 0.25783333333333336,
  "final_balanced_acc": 0.26940128454986445,
  "distortion_proxy": 0.0,
  "class_gap_proxy": 0.0,
  "bytes_per_client_round": 1040,
  "elapsed_sec": 1.6894581317901611
}
