{
  "method": "fedprox_forced",
  "final_acc": 0.3842083333333334,
  "final_balanced_acc": 0.3749433025787636,
  "distortion_proxy": 0.0,
  "class_gap_proxy": 0.0,
  "bytes_per_client_round": 3088,
  "elapsed_sec": 13.36191725730896
}
