{
  "method": "qproto_full",
  "final_acc": 0.6598333333333333,
  "final_balanced_acc": 0.6649900817944282,
  "distortion_proxy": 0.0,
  "class_gap_proxy": 0.44856207100021894,
  "bytes_per_client_round": 1432,
  "elapsed_sec": 1.8891332149505615
}
