{
  "method": "fedavg_forced",
  "final_acc": 0.29837499999999995,
  "final_balanced_acc": 0.2985604152181555,
  "distortion_proxy": 0.0,
  "class_gap_proxy": 0.0,
  "bytes_per_client_round": 1040,
  "elapsed_sec": 2.4510207176208496
}
