{
  "method": "qproto_full",
  "final_acc": 0.4831666666666667,
  "final_balanced_acc": 0.4783903139456192,
  "distortion_proxy": 0.0,
  "class_gap_proxy": 0.5829539010503128,
  "bytes_per_client_round": 1432,
  "elapsed_sec": 2.2151761054992676
}
