{
  "method": "wrong_schema",
  "final_acc": 0.269625,
  "final_balanced_acc": 0.269625,
  "distortion_proxy": 0.37718844981660704,
  "class_gap_proxy": 0.26734586295961965,
  "bytes_per_client_round": 3092,
  "elapsed_sec": 0.5689244270324707
}
