{
  "method": "qproto_masked_hop",
  "final_acc": 0.4522166666666667,
  "final_balanced_acc": 0.45369915006450307,
  "distortion_proxy": 0.0,
  "class_gap_proxy": 3.9591369915891845,
  "bytes_per_client_round": 24364,
  "elapsed_sec": 16.258809328079224
}
