{
  "method": "fedprox_forced",
  "final_acc": 0.3522083333333334,
  "final_balanced_acc": 0.35374529093466883,
  "distortion_proxy": 0.0,
  "class_gap_proxy": 0.0,
  "bytes_per_client_round": 3088,
  "elapsed_sec": 12.607829093933105
}
