{
  "method": "qproto_cproto",
  "final_acc": 0.769475,
  "final_balanced_acc": 0.7644928069502487,
  "distortion_proxy": 0.0,
  "class_gap_proxy": 3.2026833576019347,
  "bytes_per_client_round": 10284,
  "elapsed_sec": 15.55639123916626
}
