{
  "method": "shared_observable",
  "final_acc": 0.45,
  "final_balanced_acc": 0.4530701754385965,
  "distortion_proxy": 0.9229086184390167,
  "class_gap_proxy": 0.2218326077926461,
  "bytes_per_client_round": 532,
  "elapsed_sec": 0.027151823043823242
}
