{
  "method": "fedproto_schema",
  "final_acc": 0.2786,
  "final_balanced_acc": 0.2765372604546302,
  "distortion_proxy": 0.0,
  "class_gap_proxy": 0.21741729404621818,
  "bytes_per_client_round": 1944,
  "elapsed_sec": 2.2981019020080566
}
