{
  "method": "qproto_chop",
  "final_acc": 0.4079,
  "final_balanced_acc": 0.4071864985898742,
  "distortion_proxy": 0.0,
  "class_gap_proxy": 1.5173633319088509,
  "bytes_per_client_round": 6444,
  "elapsed_sec": 16.383540630340576
}
