{
  "method": "qproto_hop",
  "final_acc": 0.780625,
  "final_balanced_acc": 0.7724014195319269,
  "distortion_proxy": 0.0,
  "class_gap_proxy": 0.23572100536309515,
  "bytes_per_client_round": 1236,
  "elapsed_sec": 2.6887030601501465
}
