{
  "method": "qproto_masked_hop",
  "final_acc": 0.57375,
  "final_balanced_acc": 0.5836855989405332,
  "distortion_proxy": 0.0,
  "class_gap_proxy": 1.7517092549167128,
  "bytes_per_client_round": 660,
  "elapsed_sec": 0.025079965591430664
}
