{
  "method": "qproto_proto",
  "final_acc": 0.6951666666666666,
  "final_balanced_acc": 0.6934925827639427,
  "distortion_proxy": 0.0,
  "class_gap_proxy": 0.31430872284833483,
  "bytes_per_client_round": 3092,
  "elapsed_sec": 6.915135622024536
}
