{
  "method": "fedavg_forced",
  "final_acc": 0.24830000000000002,
  "final_balanced_acc": 0.2503140453712349,
  "distortion_proxy": 0.0,
  "class_gap_proxy": 0.0,
  "bytes_per_client_round": 3088,
  "elapsed_sec": 10.573761463165283
}
