{
  "method": "forced_canonical",
  "final_acc": 0.33253125,
  "final_balanced_acc": 0.331896635206938,
  "distortion_proxy": 0.23998657779266383,
  "class_gap_proxy": 0.10552405219733958,
  "bytes_per_client_round": 4116,
  "elapsed_sec": 42.8248085975647
}
