{
  "method": "qproto_hop",
  "final_acc": 0.32275,
  "final_balanced_acc": 0.3129025558341955,
  "distortion_proxy": 0.0,
  "class_gap_proxy": 0.3319441484648964,
  "bytes_per_client_round": 2324,
  "elapsed_sec": 0.38382387161254883
}
