{
  "method": "wrong_schema",
  "final_acc": 0.2678,
  "final_balanced_acc": 0.2643782628162855,
  "distortion_proxy": 0.39126419269740337,
  "class_gap_proxy": 0.27150973297827546,
  "bytes_per_client_round": 4628,
  "elapsed_sec": 11.611295461654663
}
