{
  "method": "fedproto_schema",
  "final_acc": 0.4451666666666666,
  "final_balanced_acc": 0.4439492289048347,
  "distortion_proxy": 0.0,
  "class_gap_proxy": 0.27543061562301924,
  "bytes_per_client_round": 7724,
  "elapsed_sec": 12.924874544143677
}
