{
  "method": "fedadam_schema",
  "final_acc": 0.20837499999999998,
  "final_balanced_acc": 0.20552133403575695,
  "distortion_proxy": 0.0,
  "class_gap_proxy": 0.0,
  "bytes_per_client_round": 7720,
  "elapsed_sec": 9.482258081436157
}
