{
  "method": "fedadam_schema",
  "final_acc": 0.36375,
  "final_balanced_acc": 0.38800196514012303,
  "distortion_proxy": 0.0,
  "class_gap_proxy": 0.0,
  "bytes_per_client_round": 528,
  "elapsed_sec": 0.029858827590942383
}
