{
  "method": "feddyn_schema",
  "final_acc": 0.5144750000000001,
  "final_balanced_acc": 0.5125925706369766,
  "distortion_proxy": 0.0,
  "class_gap_proxy": 0.0,
  "bytes_per_client_round": 7720,
  "elapsed_sec": 14.64298129081726
}
