{
  "method": "fedadam_schema",
  "final_acc": 0.5475999999999999,
  "final_balanced_acc": 0.5438193887636698,
  "distortion_proxy": 0.0,
  "class_gap_proxy": 0.0,
  "bytes_per_client_round": 7720,
  "elapsed_sec": 9.149635314941406
}
