{
  "summaries": [
    {
      "method": "qproto_proto",
      "final_acc": 0.48260000000000003,
      "final_balanced_acc": 0.4782232687833862,
      "distortion_proxy": 0.0,
      "class_gap_proxy": 0.32006604490140167,
      "bytes_per_client_round": 20524,
      "elapsed_sec": 18.75846838951111
    },
    {
      "method": "shared_observable",
      "final_acc": 0.74375,
      "final_balanced_acc": 0.7382276078276375,
      "distortion_proxy": 0.8367485765838223,
      "class_gap_proxy": 0.3237461149380841,
      "bytes_per_client_round": 20524,
      "elapsed_sec": 19.83220076560974
    }
  ]
}
