{
  "method": "qproto_cproto",
  "final_acc": 0.6986000000000001,
  "final_balanced_acc": 0.6930123747050907,
  "distortion_proxy": 0.0,
  "class_gap_proxy": 2.7224601028346176,
  "bytes_per_client_round": 7724,
  "elapsed_sec": 11.121290683746338
}
