{
  "method": "fedproto_schema",
  "final_acc": 0.39,
  "final_balanced_acc": 0.39029605263157896,
  "distortion_proxy": 0.0,
  "class_gap_proxy": 0.2517037631257142,
  "bytes_per_client_round": 532,
  "elapsed_sec": 0.02198958396911621
}
