{
  "method": "fedprox_forced",
  "final_acc": 0.20500000000000002,
  "final_balanced_acc": 0.20055539498262992,
  "distortion_proxy": 0.0,
  "class_gap_proxy": 0.0,
  "bytes_per_client_round": 7720,
  "elapsed_sec": 8.937169790267944
}
