{
  "method": "qproto_proto",
  "final_acc": 0.5072500000000001,
  "final_balanced_acc": 0.5057718315876081,
  "distortion_proxy": 0.0,
  "class_gap_proxy": 0.2602433745127937,
  "bytes_per_client_round": 3092,
  "elapsed_sec": 16.12841510772705
}
