{
  "method": "fedavg_forced",
  "final_acc": 0.163025,
  "final_balanced_acc": 0.15964611938658363,
  "distortion_proxy": 0.0,
  "class_gap_proxy": 0.0,
  "bytes_per_client_round": 7720,
  "elapsed_sec": 11.016144514083862
}
