{
  "method": "qproto_masked",
  "final_acc": 0.7483000000000001,
  "final_balanced_acc": 0.7453640503493812,
  "distortion_proxy": 0.0,
  "class_gap_proxy": 4.606663770445665,
  "bytes_per_client_round": 20524,
  "elapsed_sec": 29.262388229370117
}
