{
  "method": "qproto_chop",
  "final_acc": 0.6869750000000001,
  "final_balanced_acc": 0.6845487051623311,
  "distortion_proxy": 0.0,
  "class_gap_proxy": 5.009872423517008,
  "bytes_per_client_round": 14124,
  "elapsed_sec": 15.548458814620972
}
