{
  "method": "qproto_cproto",
  "final_acc": 0.5583333333333333,
  "final_balanced_acc": 0.5676644311570782,
  "distortion_proxy": 0.0,
  "class_gap_proxy": 0.7546766358315179,
  "bytes_per_client_round": 148,
  "elapsed_sec": 0.02591252326965332
}
