{
  "method": "fedproto_schema",
  "final_acc": 0.394625,
  "final_balanced_acc": 0.394625,
  "distortion_proxy": 0.0,
  "class_gap_proxy": 0.23623769582615628,
  "bytes_per_client_round": 1556,
  "elapsed_sec": 0.4558255672454834
}
