{
  "method": "fedprox_forced",
  "final_acc": 0.2935833333333333,
  "final_balanced_acc": 0.2937442037167018,
  "distortion_proxy": 0.0,
  "class_gap_proxy": 0.0,
  "bytes_per_client_round": 3088,
  "elapsed_sec": 16.880794048309326
}
