{
  "method": "qproto_cproto",
  "final_acc": 0.407625,
  "final_balanced_acc": 0.40762499999999996,
  "distortion_proxy": 0.0,
  "class_gap_proxy": 0.21521150938607725,
  "bytes_per_client_round": 276,
  "elapsed_sec": 0.3077690601348877
}
