{
  "method": "qproto_hop",
  "final_acc": 0.38780000000000003,
  "final_balanced_acc": 0.3888220611628329,
  "distortion_proxy": 0.0,
  "class_gap_proxy": 0.23510738940954576,
  "bytes_per_client_round": 1556,
  "elapsed_sec": 13.708804607391357
}
