{
  "method": "fedadam_schema",
  "final_acc": 0.26181666666666664,
  "final_balanced_acc": 0.2621595482458754,
  "distortion_proxy": 0.0,
  "class_gap_proxy": 0.0,
  "bytes_per_client_round": 7720,
  "elapsed_sec": 15.710774421691895
}
