{
  "method": "fedadam_schema",
  "final_acc": 0.18322500000000003,
  "final_balanced_acc": 0.18023582604574975,
  "distortion_proxy": 0.0,
  "class_gap_proxy": 0.0,
  "bytes_per_client_round": 7720,
  "elapsed_sec": 9.713192224502563
}
