{
  "method": "qproto_proto",
  "final_acc": 0.25668333333333326,
  "final_balanced_acc": 0.2569341763621438,
  "distortion_proxy": 0.0,
  "class_gap_proxy": 0.26256944545083755,
  "bytes_per_client_round": 7724,
  "elapsed_sec": 11.841992139816284
}
