{
  "method": "qproto_full",
  "final_acc": 0.8689166666666667,
  "final_balanced_acc": 0.8657055791435677,
  "distortion_proxy": 0.0,
  "class_gap_proxy": 0.5637458802897677,
  "bytes_per_client_round": 1432,
  "elapsed_sec": 1.8904802799224854
}
