{
  "method": "feddyn_schema",
  "final_acc": 0.42457500000000004,
  "final_balanced_acc": 0.41955196044049875,
  "distortion_proxy": 0.0,
  "class_gap_proxy": 0.0,
  "bytes_per_client_round": 7720,
  "elapsed_sec": 11.78507399559021
}
