{
  "method": "fedavg_schema",
  "final_acc": 0.3061999999999999,
  "final_balanced_acc": 0.2892493667532031,
  "distortion_proxy": 0.0,
  "class_gap_proxy": 0.0,
  "bytes_per_client_round": 7720,
  "elapsed_sec": 16.037715911865234
}
