{
  "method": "fedproto_schema",
  "final_acc": 0.40625,
  "final_balanced_acc": 0.40242830634278004,
  "distortion_proxy": 0.0,
  "class_gap_proxy": 0.2738821954359671,
  "bytes_per_client_round": 532,
  "elapsed_sec": 0.018842458724975586
}
