{
  "method": "qproto_proto",
  "final_acc": 0.4365,
  "final_balanced_acc": 0.43626330526011736,
  "distortion_proxy": 0.0,
  "class_gap_proxy": 0.2620918386596797,
  "bytes_per_client_round": 3092,
  "elapsed_sec": 13.175826072692871
}
