{
  "method": "fedadam_schema",
  "final_acc": 0.434375,
  "final_balanced_acc": 0.41694580250176183,
  "distortion_proxy": 0.0,
  "class_gap_proxy": 0.0,
  "bytes_per_client_round": 528,
  "elapsed_sec": 0.05189967155456543
}
