{
  "method": "qproto_masked_hop",
  "final_acc": 0.62375,
  "final_balanced_acc": 0.6177640479038505,
  "distortion_proxy": 0.0,
  "class_gap_proxy": 1.8688652160750667,
  "bytes_per_client_round": 660,
  "elapsed_sec": 0.021936893463134766
}
