{
  "method": "scaffold_schema",
  "final_acc": 0.288925,
  "final_balanced_acc": 0.28002189374482545,
  "distortion_proxy": 0.0,
  "class_gap_proxy": 0.0,
  "bytes_per_client_round": 15440,
  "elapsed_sec": 7.7716686725616455
}
