{
  "method": "no_schema",
  "final_acc": 0.32025000000000003,
  "final_balanced_acc": 0.31983780117208377,
  "distortion_proxy": 0.10575481075234071,
  "class_gap_proxy": 0.10834625836214767,
  "bytes_per_client_round": 3092,
  "elapsed_sec": 12.804797887802124
}
