{
  "method": "forced_canonical",
  "final_acc": 0.32849999999999996,
  "final_balanced_acc": 0.3279888598087186,
  "distortion_proxy": 0.1718059896624705,
  "class_gap_proxy": 0.10463907756329589,
  "bytes_per_client_round": 3092,
  "elapsed_sec": 25.850459575653076
}
