{
  "method": "qproto_hop",
  "final_acc": 0.46729166666666666,
  "final_balanced_acc": 0.470600958981832,
  "distortion_proxy": 0.0,
  "class_gap_proxy": 0.4346622921726961,
  "bytes_per_client_round": 1428,
  "elapsed_sec": 1.8046977519989014
}
