{
  "method": "qproto_chop",
  "final_acc": 0.6791000000000003,
  "final_balanced_acc": 0.6818341705798053,
  "distortion_proxy": 0.0,
  "class_gap_proxy": 4.50588896023898,
  "bytes_per_client_round": 11564,
  "elapsed_sec": 15.700275421142578
}
