{
  "method": "fedproto_forced",
  "final_acc": 0.22235,
  "final_balanced_acc": 0.21745420536916665,
  "distortion_proxy": 0.0,
  "class_gap_proxy": 0.14286361059618033,
  "bytes_per_client_round": 7724,
  "elapsed_sec": 8.584172248840332
}
