{
  "method": "fedadam_schema",
  "final_acc": 0.5416666666666666,
  "final_balanced_acc": 0.5539906296007209,
  "distortion_proxy": 0.0,
  "class_gap_proxy": 0.0,
  "bytes_per_client_round": 528,
  "elapsed_sec": 0.04899859428405762
}
