{
  "method": "fedavg_forced",
  "final_acc": 0.3330833333333334,
  "final_balanced_acc": 0.3244370416167438,
  "distortion_proxy": 0.0,
  "class_gap_proxy": 0.0,
  "bytes_per_client_round": 1040,
  "elapsed_sec": 2.3279385566711426
}
