{
  "method": "fedavg_forced",
  "final_acc": 0.21367499999999998,
  "final_balanced_acc": 0.2129438658093256,
  "distortion_proxy": 0.0,
  "class_gap_proxy": 0.0,
  "bytes_per_client_round": 7720,
  "elapsed_sec": 7.872032403945923
}
