{
  "method": "fedprox_forced",
  "final_acc": 0.4649583333333334,
  "final_balanced_acc": 0.4536717982150728,
  "distortion_proxy": 0.0,
  "class_gap_proxy": 0.0,
  "bytes_per_client_round": 3088,
  "elapsed_sec": 15.33944320678711
}
