{
  "method": "fedproto_schema",
  "final_acc": 0.49875,
  "final_balanced_acc": 0.4883953315203315,
  "distortion_proxy": 0.0,
  "class_gap_proxy": 0.4723585372224663,
  "bytes_per_client_round": 532,
  "elapsed_sec": 0.01906442642211914
}
