{
  "method": "qproto_proto",
  "final_acc": 0.2766666666666667,
  "final_balanced_acc": 0.27513169638131385,
  "distortion_proxy": 0.0,
  "class_gap_proxy": 0.2624653759595575,
  "bytes_per_client_round": 3092,
  "elapsed_sec": 22.718612670898438
}
