{
  "method": "centralized_kernel",
  "final_acc": 0.4033333333333333,
  "final_balanced_acc": 0.40421541462110105,
  "distortion_proxy": 0.0,
  "class_gap_proxy": 0.08286607120134175,
  "bytes_per_client_round": 0,
  "elapsed_sec": 0.1089487075805664
}
