{
  "method": "fedadam_schema",
  "final_acc": 0.28453333333333336,
  "final_balanced_acc": 0.2841015558209591,
  "distortion_proxy": 0.0,
  "class_gap_proxy": 0.0,
  "bytes_per_client_round": 7720,
  "elapsed_sec": 13.746030569076538
}
