{
  "method": "qproto_masked_hop",
  "final_acc": 0.58125,
  "final_balanced_acc": 0.5875767543859649,
  "distortion_proxy": 0.0,
  "class_gap_proxy": 1.5447639397170558,
  "bytes_per_client_round": 660,
  "elapsed_sec": 0.02040243148803711
}
