{
  "method": "qproto_proto",
  "final_acc": 0.26539999999999997,
  "final_balanced_acc": 0.25759939003705723,
  "distortion_proxy": 0.0,
  "class_gap_proxy": 0.26734469748568573,
  "bytes_per_client_round": 212,
  "elapsed_sec": 0.11504721641540527
}
