{
  "method": "qproto_chop",
  "final_acc": 0.7631,
  "final_balanced_acc": 0.7608749405587834,
  "distortion_proxy": 0.0,
  "class_gap_proxy": 3.3042779519121104,
  "bytes_per_client_round": 12844,
  "elapsed_sec": 2.6627440452575684
}
