{
  "method": "wrong_schema",
  "final_acc": 0.28425,
  "final_balanced_acc": 0.28429137161913287,
  "distortion_proxy": 0.15499778754794388,
  "class_gap_proxy": 0.3444814255350625,
  "bytes_per_client_round": 1428,
  "elapsed_sec": 2.021500587463379
}
