{
  "method": "qproto_proto",
  "final_acc": 0.43295000000000006,
  "final_balanced_acc": 0.43261660141334046,
  "distortion_proxy": 0.0,
  "class_gap_proxy": 0.25450615949312055,
  "bytes_per_client_round": 3092,
  "elapsed_sec": 10.31401801109314
}
