{
  "method": "fedprox_forced",
  "final_acc": 0.13187500000000002,
  "final_balanced_acc": 0.11698480825929865,
  "distortion_proxy": 0.0,
  "class_gap_proxy": 0.0,
  "bytes_per_client_round": 7720,
  "elapsed_sec": 8.18756103515625
}
