{
  "method": "no_schema",
  "final_acc": 0.32375,
  "final_balanced_acc": 0.3349043774208248,
  "distortion_proxy": 0.2516557845529621,
  "class_gap_proxy": 0.18755432295212734,
  "bytes_per_client_round": 532,
  "elapsed_sec": 0.023651123046875
}
