{
  "summaries": [
    {
      "method": "fedadam_schema",
      "final_acc": 0.30441666666666667,
      "final_balanced_acc": 0.30497527759851106,
      "distortion_proxy": 0.0,
      "class_gap_proxy": 0.0,
      "bytes_per_client_round": 7720,
      "elapsed_sec": 41.953261613845825
    }
  ]
}
