{
  "summaries": [
    {
      "method": "qproto_proto",
      "final_acc": 0.48275,
      "final_balanced_acc": 0.48396732869922254,
      "distortion_proxy": 0.0,
      "class_gap_proxy": 0.3181731800545855,
      "bytes_per_client_round": 212,
      "elapsed_sec": 2.3727762699127197
    },
    {
      "method": "qproto_hop",
      "final_acc": 0.728375,
      "final_balanced_acc": 0.7265273854549998,
      "distortion_proxy": 0.0,
      "class_gap_proxy": 0.3181731800545855,
      "bytes_per_client_round": 1236,
      "elapsed_sec": 2.6966211795806885
    },
    {
      "method": "qproto_full",
      "final_acc": 0.7290625,
      "final_balanced_acc": 0.7272554978369188,
      "distortion_proxy": 0.0,
      "class_gap_proxy": 0.31379157559935855,
      "bytes_per_client_round": 1240,
      "elapsed_sec": 2.673271656036377
    }
  ]
}
