{
  "method": "shared_observable",
  "final_acc": 0.69215,
  "final_balanced_acc": 0.6875274948473313,
  "distortion_proxy": 0.8429454256562426,
  "class_gap_proxy": 0.31868384525738713,
  "bytes_per_client_round": 7724,
  "elapsed_sec": 24.137935161590576
}
