{
  "method": "fedavg_forced",
  "final_acc": 0.42312500000000003,
  "final_balanced_acc": 0.4299101414256795,
  "distortion_proxy": 0.0,
  "class_gap_proxy": 0.0,
  "bytes_per_client_round": 1040,
  "elapsed_sec": 2.23108172416687
}
