{
  "method": "qproto_full",
  "final_acc": 0.78025,
  "final_balanced_acc": 0.7720834870335946,
  "distortion_proxy": 0.0,
  "class_gap_proxy": 0.24066185259842823,
  "bytes_per_client_round": 1240,
  "elapsed_sec": 2.563755989074707
}
