{
  "method": "no_schema",
  "final_acc": 0.32475000000000004,
  "final_balanced_acc": 0.32419089067368567,
  "distortion_proxy": 0.10575481075234071,
  "class_gap_proxy": 0.1098498858711597,
  "bytes_per_client_round": 3092,
  "elapsed_sec": 10.188946962356567
}
