{
  "method": "qproto_chop",
  "final_acc": 0.56625,
  "final_balanced_acc": 0.5573408767158767,
  "distortion_proxy": 0.0,
  "class_gap_proxy": 1.3169998216236787,
  "bytes_per_client_round": 532,
  "elapsed_sec": 0.02441120147705078
}
