{
  "method": "schema_mask_only",
  "final_acc": 0.2008,
  "final_balanced_acc": 0.20000000000000004,
  "distortion_proxy": 0.0,
  "class_gap_proxy": 0.3088541774689734,
  "bytes_per_client_round": 1944,
  "elapsed_sec": 1.3501286506652832
}
