{
  "method": "qproto_full",
  "final_acc": 0.678125,
  "final_balanced_acc": 0.6969072693440084,
  "distortion_proxy": 0.0,
  "class_gap_proxy": 0.40415446923078835,
  "bytes_per_client_round": 728,
  "elapsed_sec": 0.03236865997314453
}
