{
  "method": "qproto_proto",
  "final_acc": 0.6300999999999999,
  "final_balanced_acc": 0.6372405052154448,
  "distortion_proxy": 0.0,
  "class_gap_proxy": 0.44227365426903836,
  "bytes_per_client_round": 1044,
  "elapsed_sec": 2.215627908706665
}
