{
  "method": "fedproto_schema",
  "final_acc": 0.5731,
  "final_balanced_acc": 0.5664783712562411,
  "distortion_proxy": 0.0,
  "class_gap_proxy": 0.2705287326654987,
  "bytes_per_client_round": 7724,
  "elapsed_sec": 43.80994725227356
}
