{
  "method": "qproto_chop",
  "final_acc": 0.7082499999999999,
  "final_balanced_acc": 0.70825,
  "distortion_proxy": 0.0,
  "class_gap_proxy": 0.4694929092272522,
  "bytes_per_client_round": 2324,
  "elapsed_sec": 0.557426929473877
}
