{
  "method": "feddyn_schema",
  "final_acc": 0.26683333333333337,
  "final_balanced_acc": 0.2688345707587405,
  "distortion_proxy": 0.0,
  "class_gap_proxy": 0.0,
  "bytes_per_client_round": 7720,
  "elapsed_sec": 10.113938808441162
}
