{
  "method": "fedadam_schema",
  "final_acc": 0.42062499999999997,
  "final_balanced_acc": 0.420625,
  "distortion_proxy": 0.0,
  "class_gap_proxy": 0.0,
  "bytes_per_client_round": 1552,
  "elapsed_sec": 0.4608616828918457
}
