{
  "method": "qproto_proto",
  "final_acc": 0.424875,
  "final_balanced_acc": 0.42166716041843155,
  "distortion_proxy": 0.0,
  "class_gap_proxy": 0.3170035776592425,
  "bytes_per_client_round": 20524,
  "elapsed_sec": 16.380339860916138
}
