{
  "method": "fedavg_schema",
  "final_acc": 0.2609666666666667,
  "final_balanced_acc": 0.2632619270437813,
  "distortion_proxy": 0.0,
  "class_gap_proxy": 0.0,
  "bytes_per_client_round": 7720,
  "elapsed_sec": 16.489054918289185
}
