{
  "method": "fedadam_forced",
  "final_acc": 0.23120000000000002,
  "final_balanced_acc": 0.22234915526148996,
  "distortion_proxy": 0.0,
  "class_gap_proxy": 0.0,
  "bytes_per_client_round": 7720,
  "elapsed_sec": 13.567952394485474
}
