{
  "summaries": [
    {
      "method": "qproto_cproto",
      "final_acc": 0.5375,
      "final_balanced_acc": 0.5478430025856497,
      "distortion_proxy": 0.0,
      "class_gap_proxy": 1.1418182710492648,
      "bytes_per_client_round": 340,
      "elapsed_sec": 0.03109455108642578
    },
    {
      "method": "qproto_chop",
      "final_acc": 0.5364583333333334,
      "final_balanced_acc": 0.5473553652230123,
      "distortion_proxy": 0.0,
      "class_gap_proxy": 1.1418182710492648,
      "bytes_per_client_round": 596,
      "elapsed_sec": 0.046959877014160156
    }
  ]
}
