{
  "method": "centralized_qproto",
  "final_acc": 0.7172916666666667,
  "final_balanced_acc": 0.714691420786141,
  "distortion_proxy": 0.0,
  "class_gap_proxy": 0.39040807200410194,
  "bytes_per_client_round": 0,
  "elapsed_sec": 23.94082283973694
}
