{
  "method": "qproto_hop",
  "final_acc": 0.49225,
  "final_balanced_acc": 0.490300886269001,
  "distortion_proxy": 0.0,
  "class_gap_proxy": 0.4326447712640809,
  "bytes_per_client_round": 1428,
  "elapsed_sec": 3.1890063285827637
}
