{
  "method": "fedproto_schema",
  "final_acc": 0.39025,
  "final_balanced_acc": 0.39025,
  "distortion_proxy": 0.0,
  "class_gap_proxy": 0.24831677833270616,
  "bytes_per_client_round": 1556,
  "elapsed_sec": 0.44530296325683594
}
