{
  "method": "fedavg_forced",
  "final_acc": 0.133225,
  "final_balanced_acc": 0.11832758959993742,
  "distortion_proxy": 0.0,
  "class_gap_proxy": 0.0,
  "bytes_per_client_round": 7720,
  "elapsed_sec": 11.842360019683838
}
