{
  "method": "no_schema",
  "final_acc": 0.44683333333333336,
  "final_balanced_acc": 0.4463694345763033,
  "distortion_proxy": 0.22460631963143876,
  "class_gap_proxy": 0.3024634242207061,
  "bytes_per_client_round": 1044,
  "elapsed_sec": 1.3106930255889893
}
