{
  "method": "qproto_chop",
  "final_acc": 0.55375,
  "final_balanced_acc": 0.5375628075628075,
  "distortion_proxy": 0.0,
  "class_gap_proxy": 1.3981661577040565,
  "bytes_per_client_round": 532,
  "elapsed_sec": 0.022693872451782227
}
