{
  "method": "qproto_cproto",
  "final_acc": 0.60625,
  "final_balanced_acc": 0.6090142496392497,
  "distortion_proxy": 0.0,
  "class_gap_proxy": 1.2775269044517839,
  "bytes_per_client_round": 340,
  "elapsed_sec": 0.027905941009521484
}
