{
  "method": "centralized_qproto",
  "final_acc": 0.8018749999999999,
  "final_balanced_acc": 0.8007979278819388,
  "distortion_proxy": 0.0,
  "class_gap_proxy": 0.4001840229941811,
  "bytes_per_client_round": 0,
  "elapsed_sec": 14.74289345741272
}
