{
  "method": "qproto_full",
  "final_acc": 0.5439583333333335,
  "final_balanced_acc": 0.5422450151409983,
  "distortion_proxy": 0.0,
  "class_gap_proxy": 0.43334195636746853,
  "bytes_per_client_round": 1432,
  "elapsed_sec": 3.4282495975494385
}
