{
  "method": "fedadam_schema",
  "final_acc": 0.45157499999999995,
  "final_balanced_acc": 0.44751905126812197,
  "distortion_proxy": 0.0,
  "class_gap_proxy": 0.0,
  "bytes_per_client_round": 7720,
  "elapsed_sec": 9.76680064201355
}
