{
  "method": "qproto_proto",
  "final_acc": 0.4330416666666667,
  "final_balanced_acc": 0.4300324023241265,
  "distortion_proxy": 0.0,
  "class_gap_proxy": 0.4394091445032953,
  "bytes_per_client_round": 1044,
  "elapsed_sec": 3.5123631954193115
}
