{
  "method": "forced_canonical",
  "final_acc": 0.41295833333333326,
  "final_balanced_acc": 0.411671846516914,
  "distortion_proxy": 0.09686400355169633,
  "class_gap_proxy": 0.16168390843476527,
  "bytes_per_client_round": 3092,
  "elapsed_sec": 13.437746286392212
}
