{
  "method": "qproto_proto",
  "final_acc": 0.5762499999999999,
  "final_balanced_acc": 0.569129394910645,
  "distortion_proxy": 0.0,
  "class_gap_proxy": 0.49503118075244484,
  "bytes_per_client_round": 404,
  "elapsed_sec": 0.04840803146362305
}
