{
  "method": "centralized_qproto",
  "final_acc": 0.52875,
  "final_balanced_acc": 0.5413383277839439,
  "distortion_proxy": 0.0,
  "class_gap_proxy": 0.6451848204821162,
  "bytes_per_client_round": 0,
  "elapsed_sec": 0.00805044174194336
}
