{
  "summaries": [
    {
      "method": "qproto_cproto",
      "final_acc": 0.414375,
      "final_balanced_acc": 0.414375,
      "distortion_proxy": 0.0,
      "class_gap_proxy": 0.21813550128045045,
      "bytes_per_client_round": 276,
      "elapsed_sec": 0.2983362674713135
    },
    {
      "method": "qproto_chop",
      "final_acc": 0.70325,
      "final_balanced_acc": 0.70325,
      "distortion_proxy": 0.0,
      "class_gap_proxy": 0.21813550128045045,
      "bytes_per_client_round": 1812,
      "elapsed_sec": 0.3596479892730713
    }
  ]
}
