{
  "method": "qproto_hop",
  "final_acc": 0.2654,
  "final_balanced_acc": 0.25717563664613774,
  "distortion_proxy": 0.0,
  "class_gap_proxy": 0.26734469748568573,
  "bytes_per_client_round": 1236,
  "elapsed_sec": 0.2501668930053711
}
