{
  "method": "qproto_hop",
  "final_acc": 0.7564375000000001,
  "final_balanced_acc": 0.7545309010796989,
  "distortion_proxy": 0.0,
  "class_gap_proxy": 0.28992850785373475,
  "bytes_per_client_round": 1556,
  "elapsed_sec": 1.6963748931884766
}
