{
  "method": "no_schema",
  "final_acc": 0.23583333333333334,
  "final_balanced_acc": 0.2378659676079734,
  "distortion_proxy": 0.20018135339736023,
  "class_gap_proxy": 0.09681767466626612,
  "bytes_per_client_round": 788,
  "elapsed_sec": 0.061654090881347656
}
