{
  "method": "fedavg_schema",
  "final_acc": 0.24380000000000002,
  "final_balanced_acc": 0.24428613778628055,
  "distortion_proxy": 0.0,
  "class_gap_proxy": 0.0,
  "bytes_per_client_round": 7720,
  "elapsed_sec": 14.291033267974854
}
