{
  "method": "classical_kernel",
  "final_acc": 0.705,
  "final_balanced_acc": 0.6964015919826225,
  "distortion_proxy": 0.0,
  "class_gap_proxy": 0.2812264866094503,
  "bytes_per_client_round": 3092,
  "elapsed_sec": 4.101933717727661
}
