{
  "method": "fedavg_forced",
  "final_acc": 0.49158333333333337,
  "final_balanced_acc": 0.4945277923437367,
  "distortion_proxy": 0.0,
  "class_gap_proxy": 0.0,
  "bytes_per_client_round": 1040,
  "elapsed_sec": 2.3792710304260254
}
