{
  "method": "qproto_chop",
  "final_acc": 0.6025,
  "final_balanced_acc": 0.6044849339257233,
  "distortion_proxy": 0.0,
  "class_gap_proxy": 1.3844278085890738,
  "bytes_per_client_round": 532,
  "elapsed_sec": 0.023294448852539062
}
