{
  "method": "fedavg_schema",
  "final_acc": 0.2597833333333333,
  "final_balanced_acc": 0.259780707919803,
  "distortion_proxy": 0.0,
  "class_gap_proxy": 0.0,
  "bytes_per_client_round": 7720,
  "elapsed_sec": 12.676852941513062
}
