{
  "method": "fedadam_schema",
  "final_acc": 0.5917650000000001,
  "final_balanced_acc": 0.5926129881045733,
  "distortion_proxy": 0.0,
  "class_gap_proxy": 0.0,
  "bytes_per_client_round": 7720,
  "elapsed_sec": 24.263838529586792
}
