{
  "method": "qproto_full",
  "final_acc": 0.6483749999999999,
  "final_balanced_acc": 0.6445059959050615,
  "distortion_proxy": 0.0,
  "class_gap_proxy": 0.4359542426319068,
  "bytes_per_client_round": 1432,
  "elapsed_sec": 3.626185417175293
}
