{
  "method": "fedprox_schema",
  "final_acc": 0.2429666666666667,
  "final_balanced_acc": 0.2435023665574131,
  "distortion_proxy": 0.0,
  "class_gap_proxy": 0.0,
  "bytes_per_client_round": 7720,
  "elapsed_sec": 10.85287618637085
}
