{
  "method": "schema_mask_only",
  "final_acc": 0.09948333333333334,
  "final_balanced_acc": 0.10000000000000002,
  "distortion_proxy": 0.08987200142536578,
  "class_gap_proxy": 0.2340251577396733,
  "bytes_per_client_round": 7724,
  "elapsed_sec": 24.937636375427246
}
