{
  "summaries": [
    {
      "method": "qproto_proto",
      "final_acc": 0.508125,
      "final_balanced_acc": 0.507930720636874,
      "distortion_proxy": 0.0,
      "class_gap_proxy": 0.2947378307693012,
      "bytes_per_client_round": 404,
      "elapsed_sec": 1.399343490600586
    }
  ]
}
