{
  "method": "qproto_cproto",
  "final_acc": 0.440125,
  "final_balanced_acc": 0.440125,
  "distortion_proxy": 0.0,
  "class_gap_proxy": 0.6997276173038137,
  "bytes_per_client_round": 788,
  "elapsed_sec": 0.4820535182952881
}
