{
  "method": "no_schema",
  "final_acc": 0.362,
  "final_balanced_acc": 0.36112587693980586,
  "distortion_proxy": 0.10218299853996064,
  "class_gap_proxy": 0.09564510158625648,
  "bytes_per_client_round": 3092,
  "elapsed_sec": 11.987230062484741
}
