{
  "summaries": [
    {
      "method": "qproto_proto",
      "final_acc": 0.3039,
      "final_balanced_acc": 0.3048131088525163,
      "distortion_proxy": 0.0,
      "class_gap_proxy": 0.25987810904660763,
      "bytes_per_client_round": 20524,
      "elapsed_sec": 23.433871269226074
    },
    {
      "method": "shared_observable",
      "final_acc": 0.44175000000000003,
      "final_balanced_acc": 0.4413066370878285,
      "distortion_proxy": 0.9003562921366325,
      "class_gap_proxy": 0.24729525101065414,
      "bytes_per_client_round": 20524,
      "elapsed_sec": 22.858340978622437
    }
  ]
}
