{
  "method": "fedadam_schema",
  "final_acc": 0.33785,
  "final_balanced_acc": 0.33055064757977454,
  "distortion_proxy": 0.0,
  "class_gap_proxy": 0.0,
  "bytes_per_client_round": 1940,
  "elapsed_sec": 2.0807228088378906
}
