{
  "method": "fedadam_schema",
  "final_acc": 0.4895250000000001,
  "final_balanced_acc": 0.485421941244953,
  "distortion_proxy": 0.0,
  "class_gap_proxy": 0.0,
  "bytes_per_client_round": 7720,
  "elapsed_sec": 34.76647973060608
}
