{
  "method": "qproto_proto",
  "final_acc": 0.40004166666666674,
  "final_balanced_acc": 0.40449105209947184,
  "distortion_proxy": 0.0,
  "class_gap_proxy": 0.4346622921726961,
  "bytes_per_client_round": 1044,
  "elapsed_sec": 1.6802163124084473
}
