{
  "method": "qproto_cproto",
  "final_acc": 0.425,
  "final_balanced_acc": 0.425,
  "distortion_proxy": 0.0,
  "class_gap_proxy": 0.9591904207899349,
  "bytes_per_client_round": 1556,
  "elapsed_sec": 0.49575138092041016
}
