{
  "method": "fedprox_forced",
  "final_acc": 0.16101666666666667,
  "final_balanced_acc": 0.16168574532695484,
  "distortion_proxy": 0.0,
  "class_gap_proxy": 0.0,
  "bytes_per_client_round": 7720,
  "elapsed_sec": 14.398112058639526
}
