{
  "method": "qproto_cproto",
  "final_acc": 0.6012500000000001,
  "final_balanced_acc": 0.579713480963481,
  "distortion_proxy": 0.0,
  "class_gap_proxy": 1.3781223938320875,
  "bytes_per_client_round": 276,
  "elapsed_sec": 0.0209348201751709
}
