{
  "method": "qproto_chop",
  "final_acc": 0.42696666666666677,
  "final_balanced_acc": 0.4294468796351706,
  "distortion_proxy": 0.0,
  "class_gap_proxy": 2.2667821851445313,
  "bytes_per_client_round": 11564,
  "elapsed_sec": 15.068376302719116
}
