{
  "method": "fedadam_schema",
  "final_acc": 0.15059999999999998,
  "final_balanced_acc": 0.1500133405611092,
  "distortion_proxy": 0.0,
  "class_gap_proxy": 0.0,
  "bytes_per_client_round": 7720,
  "elapsed_sec": 12.47608995437622
}
