{
  "method": "fedproto_schema",
  "final_acc": 0.2995,
  "final_balanced_acc": 0.2995,
  "distortion_proxy": 0.0,
  "class_gap_proxy": 0.2416023782227487,
  "bytes_per_client_round": 1556,
  "elapsed_sec": 0.43859314918518066
}
