{
  "method": "fedproto_schema",
  "final_acc": 0.29137500000000005,
  "final_balanced_acc": 0.29137500000000005,
  "distortion_proxy": 0.0,
  "class_gap_proxy": 0.25955071000929225,
  "bytes_per_client_round": 1556,
  "elapsed_sec": 0.42548513412475586
}
