{
  "method": "fedavg_forced",
  "final_acc": 0.11813333333333334,
  "final_balanced_acc": 0.12303801030027853,
  "distortion_proxy": 0.0,
  "class_gap_proxy": 0.0,
  "bytes_per_client_round": 7720,
  "elapsed_sec": 12.303459167480469
}
