{
  "method": "qproto_chop",
  "final_acc": 0.62875,
  "final_balanced_acc": 0.62875,
  "distortion_proxy": 0.0,
  "class_gap_proxy": 0.6224471334690941,
  "bytes_per_client_round": 2324,
  "elapsed_sec": 0.48492932319641113
}
