{
  "method": "no_schema",
  "final_acc": 0.33204999999999996,
  "final_balanced_acc": 0.33074633056894137,
  "distortion_proxy": 0.0949891744137946,
  "class_gap_proxy": 0.1058928022410471,
  "bytes_per_client_round": 3092,
  "elapsed_sec": 13.620093584060669
}
