{
  "method": "wrong_schema",
  "final_acc": 0.4489583333333333,
  "final_balanced_acc": 0.44784524333299985,
  "distortion_proxy": 0.11226679754416735,
  "class_gap_proxy": 0.44375037284921076,
  "bytes_per_client_round": 1428,
  "elapsed_sec": 3.6482300758361816
}
