{
  "method": "qproto_masked_hop",
  "final_acc": 0.6304166666666666,
  "final_balanced_acc": 0.6316808442244063,
  "distortion_proxy": 0.0,
  "class_gap_proxy": 0.5199039143477817,
  "bytes_per_client_round": 2324,
  "elapsed_sec": 1.946354866027832
}
