{
  "summaries": [
    {
      "method": "qproto_full",
      "final_acc": 0.6746666666666666,
      "final_balanced_acc": 0.6786678272660416,
      "distortion_proxy": 0.0,
      "class_gap_proxy": 0.484508512103633,
      "bytes_per_client_round": 1432,
      "elapsed_sec": 1.874873399734497
    },
    {
      "method": "wrong_schema",
      "final_acc": 0.286125,
      "final_balanced_acc": 0.28750344213535456,
      "distortion_proxy": 0.19679025153341428,
      "class_gap_proxy": 0.46051775356534486,
      "bytes_per_client_round": 1428,
      "elapsed_sec": 1.6605677604675293
    },
    {
      "method": "forced_canonical",
      "final_acc": 0.37166666666666665,
      "final_balanced_acc": 0.37031934831474,
      "distortion_proxy": 0.24923443678807117,
      "class_gap_proxy": 0.25650312946879555,
      "bytes_per_client_round": 1044,
      "elapsed_sec": 1.3041870594024658
    },
    {
      "method": "no_schema",
      "final_acc": 0.39,
      "final_balanced_acc": 0.3891608169641004,
      "distortion_proxy": 0.28422557049693736,
      "class_gap_proxy": 0.24097877801925502,
      "bytes_per_client_round": 1044,
      "elapsed_sec": 1.128760576248169
    }
  ]
}
