{
  "method": "qproto_hop",
  "final_acc": 0.7054513888888888,
  "final_balanced_acc": 0.7056414043554291,
  "distortion_proxy": 0.0,
  "class_gap_proxy": 0.3975277669664557,
  "bytes_per_client_round": 1428,
  "elapsed_sec": 3.68623423576355
}
