{
  "method": "wrong_schema",
  "final_acc": 0.294625,
  "final_balanced_acc": 0.294625,
  "distortion_proxy": 0.15930751668935486,
  "class_gap_proxy": 0.30810504023729796,
  "bytes_per_client_round": 3092,
  "elapsed_sec": 0.7230215072631836
}
