{
  "method": "fedavg_forced",
  "final_acc": 0.16374999999999995,
  "final_balanced_acc": 0.1557395048197713,
  "distortion_proxy": 0.0,
  "class_gap_proxy": 0.0,
  "bytes_per_client_round": 7720,
  "elapsed_sec": 8.303670883178711
}
