{
  "method": "qproto_full",
  "final_acc": 0.6509375000000001,
  "final_balanced_acc": 0.6501603810715951,
  "distortion_proxy": 0.0,
  "class_gap_proxy": 0.4202617036012665,
  "bytes_per_client_round": 1432,
  "elapsed_sec": 3.6394100189208984
}
