{
  "method": "no_schema",
  "final_acc": 0.36716666666666664,
  "final_balanced_acc": 0.36861405623676313,
  "distortion_proxy": 0.280031647708081,
  "class_gap_proxy": 0.22481237873534735,
  "bytes_per_client_round": 1044,
  "elapsed_sec": 1.1434624195098877
}
