{
  "summaries": [
    {
      "method": "qproto_proto",
      "final_acc": 0.6232500000000001,
      "final_balanced_acc": 0.630174906367041,
      "distortion_proxy": 0.0,
      "class_gap_proxy": 0.48870194572660286,
      "bytes_per_client_round": 1044,
      "elapsed_sec": 2.297255754470825
    },
    {
      "method": "qproto_full",
      "final_acc": 0.6512499999999999,
      "final_balanced_acc": 0.6545234808233894,
      "distortion_proxy": 0.0,
      "class_gap_proxy": 0.4311016350940526,
      "bytes_per_client_round": 1432,
      "elapsed_sec": 2.2869484424591064
    },
    {
      "method": "no_schema",
      "final_acc": 0.41585,
      "final_balanced_acc": 0.41723477049037544,
      "distortion_proxy": 0.22160053351621753,
      "class_gap_proxy": 0.26700382126258376,
      "bytes_per_client_round": 1044,
      "elapsed_sec": 1.5619916915893555
    },
    {
      "method": "wrong_schema",
      "final_acc": 0.286,
      "final_balanced_acc": 0.2914339009377812,
      "distortion_proxy": 0.17767681274166597,
      "class_gap_proxy": 0.438843496966465,
      "bytes_per_client_round": 1428,
      "elapsed_sec": 2.2470762729644775
    }
  ]
}
