{
  "method": "qproto_cproto",
  "final_acc": 0.73931,
  "final_balanced_acc": 0.7361586496877115,
  "distortion_proxy": 0.0,
  "class_gap_proxy": 2.643917119719689,
  "bytes_per_client_round": 7724,
  "elapsed_sec": 30.309051275253296
}
