{
  "method": "qproto_masked_hop",
  "final_acc": 0.68075,
  "final_balanced_acc": 0.6836330972996445,
  "distortion_proxy": 0.0,
  "class_gap_proxy": 6.6566409917315985,
  "bytes_per_client_round": 24364,
  "elapsed_sec": 13.167490720748901
}
