{
  "method": "qproto_hop",
  "final_acc": 0.6842500000000001,
  "final_balanced_acc": 0.683105640881942,
  "distortion_proxy": 0.0,
  "class_gap_proxy": 0.3391782560294571,
  "bytes_per_client_round": 4628,
  "elapsed_sec": 17.02945590019226
}
