{
  "method": "qproto_full",
  "final_acc": 0.4959166666666667,
  "final_balanced_acc": 0.49711113566062337,
  "distortion_proxy": 0.0,
  "class_gap_proxy": 0.2417656854450553,
  "bytes_per_client_round": 4632,
  "elapsed_sec": 17.017250537872314
}
