{
  "method": "schema_mask_only",
  "final_acc": 0.2002,
  "final_balanced_acc": 0.20000000000000004,
  "distortion_proxy": 0.0,
  "class_gap_proxy": 0.26306671893521905,
  "bytes_per_client_round": 1944,
  "elapsed_sec": 1.7671732902526855
}
