{
  "summaries": [
    {
      "method": "fedadam_schema",
      "final_acc": 0.3029333333333334,
      "final_balanced_acc": 0.30376379654091185,
      "distortion_proxy": 0.0,
      "class_gap_proxy": 0.0,
      "bytes_per_client_round": 7720,
      "elapsed_sec": 60.502493381500244
    }
  ]
}
