{
  "method": "qproto_hop",
  "final_acc": 0.31637499999999996,
  "final_balanced_acc": 0.31637499999999996,
  "distortion_proxy": 0.0,
  "class_gap_proxy": 0.28178176595438914,
  "bytes_per_client_round": 3092,
  "elapsed_sec": 0.6550438404083252
}
