{
  "method": "fedavg_forced",
  "final_acc": 0.43150000000000005,
  "final_balanced_acc": 0.4375776214261494,
  "distortion_proxy": 0.0,
  "class_gap_proxy": 0.0,
  "bytes_per_client_round": 1040,
  "elapsed_sec": 1.5631179809570312
}
