{
  "method": "wrong_schema",
  "final_acc": 0.2509,
  "final_balanced_acc": 0.25272102889664877,
  "distortion_proxy": 0.40629758361423557,
  "class_gap_proxy": 0.2663637665419793,
  "bytes_per_client_round": 4628,
  "elapsed_sec": 5.7268359661102295
}
