{
  "method": "fedproto_schema",
  "final_acc": 0.596905,
  "final_balanced_acc": 0.5930786963539357,
  "distortion_proxy": 0.0,
  "class_gap_proxy": 0.25271384459645857,
  "bytes_per_client_round": 7724,
  "elapsed_sec": 55.235055923461914
}
