{
  "method": "fedprox_forced",
  "final_acc": 0.2685416666666667,
  "final_balanced_acc": 0.2644249913045564,
  "distortion_proxy": 0.0,
  "class_gap_proxy": 0.0,
  "bytes_per_client_round": 1040,
  "elapsed_sec": 2.4059207439422607
}
