{
  "method": "qproto_cproto",
  "final_acc": 0.40225,
  "final_balanced_acc": 0.40225,
  "distortion_proxy": 0.0,
  "class_gap_proxy": 0.23092540956424276,
  "bytes_per_client_round": 276,
  "elapsed_sec": 0.31047987937927246
}
