{
  "method": "qproto_hop",
  "final_acc": 0.4140416666666667,
  "final_balanced_acc": 0.4161591278077645,
  "distortion_proxy": 0.0,
  "class_gap_proxy": 0.42281898673931645,
  "bytes_per_client_round": 1428,
  "elapsed_sec": 3.4143874645233154
}
