{
  "method": "fedavg_schema",
  "final_acc": 0.46145833333333336,
  "final_balanced_acc": 0.45807028619528617,
  "distortion_proxy": 0.0,
  "class_gap_proxy": 0.0,
  "bytes_per_client_round": 528,
  "elapsed_sec": 0.07431483268737793
}
