{
  "method": "qproto_proto",
  "final_acc": 0.5844583333333333,
  "final_balanced_acc": 0.589773421221075,
  "distortion_proxy": 0.0,
  "class_gap_proxy": 0.4857276418790261,
  "bytes_per_client_round": 1044,
  "elapsed_sec": 3.5125417709350586
}
