{
  "summaries": [
    {
      "method": "qproto_proto",
      "final_acc": 0.7466875000000001,
      "final_balanced_acc": 0.7457668385173494,
      "distortion_proxy": 0.0,
      "class_gap_proxy": 0.3166213569773079,
      "bytes_per_client_round": 2324,
      "elapsed_sec": 2.5111427307128906
    }
  ]
}
