{
  "method": "qproto_chop",
  "final_acc": 0.5586249999999999,
  "final_balanced_acc": 0.558625,
  "distortion_proxy": 0.0,
  "class_gap_proxy": 0.23092540956424276,
  "bytes_per_client_round": 1812,
  "elapsed_sec": 0.37851810455322266
}
