{
  "method": "no_schema",
  "final_acc": 0.41585,
  "final_balanced_acc": 0.41723477049037544,
  "distortion_proxy": 0.22160053351621753,
  "class_gap_proxy": 0.26700382126258376,
  "bytes_per_client_round": 1044,
  "elapsed_sec": 1.5619916915893555
}
