{
  "method": "qproto_cproto",
  "final_acc": 0.432,
  "final_balanced_acc": 0.43200000000000005,
  "distortion_proxy": 0.0,
  "class_gap_proxy": 0.4694929092272522,
  "bytes_per_client_round": 788,
  "elapsed_sec": 0.49708008766174316
}
