{
  "summaries": [
    {
      "method": "qproto_full",
      "final_acc": 0.6484583333333334,
      "final_balanced_acc": 0.64729602854692,
      "distortion_proxy": 0.0,
      "class_gap_proxy": 0.5007900698275612,
      "bytes_per_client_round": 1432,
      "elapsed_sec": 2.3584394454956055
    },
    {
      "method": "wrong_schema",
      "final_acc": 0.2646666666666667,
      "final_balanced_acc": 0.26609333110883066,
      "distortion_proxy": 0.12386182763860516,
      "class_gap_proxy": 0.41852834860422733,
      "bytes_per_client_round": 1428,
      "elapsed_sec": 2.0648958683013916
    },
    {
      "method": "no_schema",
      "final_acc": 0.39166666666666666,
      "final_balanced_acc": 0.38959978908928183,
      "distortion_proxy": 0.29731657680554907,
      "class_gap_proxy": 0.2155514070080126,
      "bytes_per_client_round": 1044,
      "elapsed_sec": 1.2959985733032227
    },
    {
      "method": "forced_canonical",
      "final_acc": 0.41291666666666665,
      "final_balanced_acc": 0.4094346192415389,
      "distortion_proxy": 0.3378210996767067,
      "class_gap_proxy": 0.23165911905268263,
      "bytes_per_client_round": 1044,
      "elapsed_sec": 2.0993731021881104
    }
  ]
}
