{
  "method": "qproto_cproto",
  "final_acc": 0.5462499999999999,
  "final_balanced_acc": 0.5301256151256151,
  "distortion_proxy": 0.0,
  "class_gap_proxy": 1.3981661577040565,
  "bytes_per_client_round": 276,
  "elapsed_sec": 0.019794940948486328
}
