{
  "method": "no_schema",
  "final_acc": 0.4279166666666666,
  "final_balanced_acc": 0.42940979707267013,
  "distortion_proxy": 0.29731657680554907,
  "class_gap_proxy": 0.26367919080086905,
  "bytes_per_client_round": 1044,
  "elapsed_sec": 2.1632003784179688
}
