{
  "method": "qproto_chop",
  "final_acc": 0.647825,
  "final_balanced_acc": 0.6451786605758644,
  "distortion_proxy": 0.0,
  "class_gap_proxy": 2.784862458563028,
  "bytes_per_client_round": 6444,
  "elapsed_sec": 12.64438796043396
}
