{
  "method": "fedadam_forced",
  "final_acc": 0.24962500000000004,
  "final_balanced_acc": 0.2506068796689181,
  "distortion_proxy": 0.0,
  "class_gap_proxy": 0.0,
  "bytes_per_client_round": 7720,
  "elapsed_sec": 12.824108600616455
}
