{
  "method": "qproto_cproto",
  "final_acc": 0.56125,
  "final_balanced_acc": 0.5612443992199427,
  "distortion_proxy": 0.0,
  "class_gap_proxy": 1.3160874068183215,
  "bytes_per_client_round": 276,
  "elapsed_sec": 0.018149852752685547
}
