{
  "summaries": [
    {
      "method": "qproto_cproto",
      "final_acc": 0.734575,
      "final_balanced_acc": 0.7305953026831872,
      "distortion_proxy": 0.0,
      "class_gap_proxy": 2.903461084563717,
      "bytes_per_client_round": 7724,
      "elapsed_sec": 15.140795946121216
    },
    {
      "method": "qproto_chop",
      "final_acc": 0.73675,
      "final_balanced_acc": 0.7326844316185569,
      "distortion_proxy": 0.0,
      "class_gap_proxy": 2.903461084563717,
      "bytes_per_client_round": 11564,
      "elapsed_sec": 16.491774320602417
    }
  ]
}
