{
  "method": "fedproto_schema",
  "final_acc": 0.37959999999999994,
  "final_balanced_acc": 0.3742937277681962,
  "distortion_proxy": 0.0,
  "class_gap_proxy": 0.3413602500517953,
  "bytes_per_client_round": 7724,
  "elapsed_sec": 6.746027231216431
}
