{
  "method": "qproto_masked_hop",
  "final_acc": 0.45189333333333326,
  "final_balanced_acc": 0.4516716261270695,
  "distortion_proxy": 0.0,
  "class_gap_proxy": 3.9407217000831736,
  "bytes_per_client_round": 24364,
  "elapsed_sec": 103.87317705154419
}
