{
  "method": "qproto_full",
  "final_acc": 0.57875,
  "final_balanced_acc": 0.571800335081585,
  "distortion_proxy": 0.0,
  "class_gap_proxy": 0.5207269746670202,
  "bytes_per_client_round": 536,
  "elapsed_sec": 0.05865597724914551
}
