{
  "method": "no_schema",
  "final_acc": 0.3825,
  "final_balanced_acc": 0.35840898410799726,
  "distortion_proxy": 0.23270512029029775,
  "class_gap_proxy": 0.2772405574242161,
  "bytes_per_client_round": 532,
  "elapsed_sec": 0.01981329917907715
}
