{
  "method": "qproto_full",
  "final_acc": 0.488625,
  "final_balanced_acc": 0.4913698730335147,
  "distortion_proxy": 0.0,
  "class_gap_proxy": 0.4360792332233265,
  "bytes_per_client_round": 1432,
  "elapsed_sec": 3.414677619934082
}
