{
  "method": "qproto_masked_hop",
  "final_acc": 0.4470933333333334,
  "final_balanced_acc": 0.44695566762538663,
  "distortion_proxy": 0.0,
  "class_gap_proxy": 4.0004550211031855,
  "bytes_per_client_round": 24364,
  "elapsed_sec": 48.01586365699768
}
