{
  "method": "qproto_masked_hop",
  "final_acc": 0.672825,
  "final_balanced_acc": 0.6753143957193868,
  "distortion_proxy": 0.0,
  "class_gap_proxy": 6.671610029373694,
  "bytes_per_client_round": 24364,
  "elapsed_sec": 16.764753103256226
}
