{
  "method": "qproto_chop",
  "final_acc": 0.654025,
  "final_balanced_acc": 0.6504389593055335,
  "distortion_proxy": 0.0,
  "class_gap_proxy": 1.5520536593457845,
  "bytes_per_client_round": 6444,
  "elapsed_sec": 19.37674069404602
}
