{
  "summaries": [
    {
      "method": "qproto_proto",
      "final_acc": 0.447125,
      "final_balanced_acc": 0.4482619467558886,
      "distortion_proxy": 0.0,
      "class_gap_proxy": 0.29306535705746933,
      "bytes_per_client_round": 212,
      "elapsed_sec": 2.226044178009033
    },
    {
      "method": "qproto_hop",
      "final_acc": 0.7463124999999999,
      "final_balanced_acc": 0.7422963444434798,
      "distortion_proxy": 0.0,
      "class_gap_proxy": 0.29306535705746933,
      "bytes_per_client_round": 1236,
      "elapsed_sec": 2.6835031509399414
    },
    {
      "method": "qproto_full",
      "final_acc": 0.745375,
      "final_balanced_acc": 0.7412880212061305,
      "distortion_proxy": 0.0,
      "class_gap_proxy": 0.2912124303936777,
      "bytes_per_client_round": 1240,
      "elapsed_sec": 2.725475549697876
    }
  ]
}
