{
  "method": "wrong_schema",
  "final_acc": 0.29175,
  "final_balanced_acc": 0.2939951476723376,
  "distortion_proxy": 0.12482542111329144,
  "class_gap_proxy": 0.4299980373294568,
  "bytes_per_client_round": 1428,
  "elapsed_sec": 2.1521613597869873
}
