{
  "method": "forced_canonical",
  "final_acc": 0.35375,
  "final_balanced_acc": 0.35069547722278316,
  "distortion_proxy": 0.33318391608921605,
  "class_gap_proxy": 0.12147141344433199,
  "bytes_per_client_round": 1556,
  "elapsed_sec": 0.43004751205444336
}
