{
  "method": "qproto_proto",
  "final_acc": 0.48529999999999995,
  "final_balanced_acc": 0.48454331677626905,
  "distortion_proxy": 0.0,
  "class_gap_proxy": 0.2572253875082442,
  "bytes_per_client_round": 3092,
  "elapsed_sec": 5.571021318435669
}
