{
  "method": "fedadam_forced",
  "final_acc": 0.23424999999999999,
  "final_balanced_acc": 0.2251248487716347,
  "distortion_proxy": 0.0,
  "class_gap_proxy": 0.0,
  "bytes_per_client_round": 7720,
  "elapsed_sec": 10.500944137573242
}
