{
  "method": "fedproto_schema",
  "final_acc": 0.45125,
  "final_balanced_acc": 0.439875518000518,
  "distortion_proxy": 0.0,
  "class_gap_proxy": 0.446682561662849,
  "bytes_per_client_round": 532,
  "elapsed_sec": 0.018975257873535156
}
