{
  "method": "qproto_hop",
  "final_acc": 0.7463124999999999,
  "final_balanced_acc": 0.7422963444434798,
  "distortion_proxy": 0.0,
  "class_gap_proxy": 0.29306535705746933,
  "bytes_per_client_round": 1236,
  "elapsed_sec": 2.6835031509399414
}
