{
  "method": "qproto_hop",
  "final_acc": 0.7955000000000001,
  "final_balanced_acc": 0.7953587074512949,
  "distortion_proxy": 0.0,
  "class_gap_proxy": 0.3181731800545855,
  "bytes_per_client_round": 2260,
  "elapsed_sec": 3.1808993816375732
}
