{
  "method": "qproto_cproto",
  "final_acc": 0.6394750000000001,
  "final_balanced_acc": 0.6385040658992758,
  "distortion_proxy": 0.0,
  "class_gap_proxy": 4.453870099234239,
  "bytes_per_client_round": 7724,
  "elapsed_sec": 23.63894248008728
}
