{
  "method": "qproto_hop",
  "final_acc": 0.6186666666666667,
  "final_balanced_acc": 0.6153545447181965,
  "distortion_proxy": 0.0,
  "class_gap_proxy": 0.47071066504194575,
  "bytes_per_client_round": 1428,
  "elapsed_sec": 1.7333288192749023
}
