{
  "method": "no_schema",
  "final_acc": 0.38749999999999996,
  "final_balanced_acc": 0.3841864154364154,
  "distortion_proxy": 0.22714932922749176,
  "class_gap_proxy": 0.2718519801208852,
  "bytes_per_client_round": 532,
  "elapsed_sec": 0.021986007690429688
}
