{
  "method": "fedadam_forced",
  "final_acc": 0.17270000000000002,
  "final_balanced_acc": 0.17285675312689486,
  "distortion_proxy": 0.0,
  "class_gap_proxy": 0.0,
  "bytes_per_client_round": 7720,
  "elapsed_sec": 12.67504358291626
}
