{
  "method": "fedprox_forced",
  "final_acc": 0.3610000000000001,
  "final_balanced_acc": 0.35260609698374673,
  "distortion_proxy": 0.0,
  "class_gap_proxy": 0.0,
  "bytes_per_client_round": 1040,
  "elapsed_sec": 1.5101518630981445
}
