{
  "method": "wrong_schema",
  "final_acc": 0.2939583333333333,
  "final_balanced_acc": 0.2926916187146235,
  "distortion_proxy": 0.1230601871075529,
  "class_gap_proxy": 0.41551802779344243,
  "bytes_per_client_round": 1428,
  "elapsed_sec": 1.716858148574829
}
