{
  "method": "fedproto_schema",
  "final_acc": 0.47375,
  "final_balanced_acc": 0.4785718336790251,
  "distortion_proxy": 0.0,
  "class_gap_proxy": 0.40803661231101757,
  "bytes_per_client_round": 532,
  "elapsed_sec": 0.019379138946533203
}
