{
  "method": "qproto_chop",
  "final_acc": 0.607375,
  "final_balanced_acc": 0.607375,
  "distortion_proxy": 0.0,
  "class_gap_proxy": 0.5334507610234657,
  "bytes_per_client_round": 2324,
  "elapsed_sec": 0.46505045890808105
}
