{
  "method": "fedproto_schema",
  "final_acc": 0.424725,
  "final_balanced_acc": 0.42164375036381285,
  "distortion_proxy": 0.0,
  "class_gap_proxy": 0.32219317604153563,
  "bytes_per_client_round": 7724,
  "elapsed_sec": 7.537706136703491
}
