{
  "method": "fedprox_forced",
  "final_acc": 0.3944166666666667,
  "final_balanced_acc": 0.3899542871644105,
  "distortion_proxy": 0.0,
  "class_gap_proxy": 0.0,
  "bytes_per_client_round": 1040,
  "elapsed_sec": 2.54030442237854
}
