{
  "method": "shared_observable",
  "final_acc": 0.44361666666666666,
  "final_balanced_acc": 0.4467439448304053,
  "distortion_proxy": 0.0,
  "class_gap_proxy": 0.2597182171727493,
  "bytes_per_client_round": 7724,
  "elapsed_sec": 14.337496519088745
}
