{
  "method": "qproto_hop",
  "final_acc": 0.388875,
  "final_balanced_acc": 0.3886343045312699,
  "distortion_proxy": 0.0,
  "class_gap_proxy": 0.26458502136413314,
  "bytes_per_client_round": 4628,
  "elapsed_sec": 23.306257724761963
}
