{
  "method": "fedavg_forced",
  "final_acc": 0.16735000000000003,
  "final_balanced_acc": 0.15010182888369727,
  "distortion_proxy": 0.0,
  "class_gap_proxy": 0.0,
  "bytes_per_client_round": 7720,
  "elapsed_sec": 7.744792222976685
}
