{
  "method": "qproto_masked_hop",
  "final_acc": 0.7478,
  "final_balanced_acc": 0.7435351155846937,
  "distortion_proxy": 0.0,
  "class_gap_proxy": 4.8919340080566025,
  "bytes_per_client_round": 24364,
  "elapsed_sec": 14.910594463348389
}
