{
  "method": "shared_observable",
  "final_acc": 0.64355,
  "final_balanced_acc": 0.6448401462451281,
  "distortion_proxy": 0.0,
  "class_gap_proxy": 0.2280485173109704,
  "bytes_per_client_round": 1944,
  "elapsed_sec": 0.8900604248046875
}
