{
  "method": "qproto_chop",
  "final_acc": 0.7455499999999999,
  "final_balanced_acc": 0.7428819131593783,
  "distortion_proxy": 0.0,
  "class_gap_proxy": 2.6229407899694683,
  "bytes_per_client_round": 11564,
  "elapsed_sec": 12.807735919952393
}
