{
  "method": "qproto_cproto",
  "final_acc": 0.6695249999999999,
  "final_balanced_acc": 0.6723872267505392,
  "distortion_proxy": 0.0,
  "class_gap_proxy": 3.726031847953526,
  "bytes_per_client_round": 5164,
  "elapsed_sec": 14.482833623886108
}
