{
  "method": "qproto_proto",
  "final_acc": 0.2748833333333333,
  "final_balanced_acc": 0.27453875980543846,
  "distortion_proxy": 0.0,
  "class_gap_proxy": 0.27837724902591404,
  "bytes_per_client_round": 7724,
  "elapsed_sec": 20.21385431289673
}
