{
  "method": "fedavg_forced",
  "final_acc": 0.396875,
  "final_balanced_acc": 0.29504602713178296,
  "distortion_proxy": 0.0,
  "class_gap_proxy": 0.0,
  "bytes_per_client_round": 528,
  "elapsed_sec": 0.035722970962524414
}
