{
  "method": "fedadam_schema",
  "final_acc": 0.43501666666666655,
  "final_balanced_acc": 0.4372993488426197,
  "distortion_proxy": 0.0,
  "class_gap_proxy": 0.0,
  "bytes_per_client_round": 7720,
  "elapsed_sec": 11.400058507919312
}
