{
  "method": "fedavg_forced",
  "final_acc": 0.34850000000000003,
  "final_balanced_acc": 0.31674208588228303,
  "distortion_proxy": 0.0,
  "class_gap_proxy": 0.0,
  "bytes_per_client_round": 1552,
  "elapsed_sec": 0.5061941146850586
}
