{
  "method": "qproto_proto",
  "final_acc": 0.44708333333333333,
  "final_balanced_acc": 0.4455347430347431,
  "distortion_proxy": 0.0,
  "class_gap_proxy": 0.2382505264529158,
  "bytes_per_client_round": 3092,
  "elapsed_sec": 13.25846552848816
}
