{
  "method": "fedadam_forced",
  "final_acc": 0.16455,
  "final_balanced_acc": 0.16464005982780242,
  "distortion_proxy": 0.0,
  "class_gap_proxy": 0.0,
  "bytes_per_client_round": 7720,
  "elapsed_sec": 16.158053874969482
}
