{
  "method": "fedproto_schema",
  "final_acc": 0.2715,
  "final_balanced_acc": 0.2715,
  "distortion_proxy": 0.0,
  "class_gap_proxy": 0.26281004962526866,
  "bytes_per_client_round": 1556,
  "elapsed_sec": 0.4185304641723633
}
